ACCESSION_DATE,YEAR_INSTALLED,TITLE,ARTIST,MATERIAL,LOCATION,DETAILED_LOCATION,NOTES,POINT_X,POINT_Y,GLOBALID
1997.3.2,1997,3 Wild Spaces  two of three,Andrew Dufford,Etched Granite,Goldsmith Gulch 3 locations,On Pathway,,3167752.69678,1665535.099,{6E5F113C-7B70-4283-9A65-D137D8049AF0}
1997.3.3,1997,3 Wild Spaces  three of three,Andrew Dufford,Etched Granite,Goldsmith Gulch 3 locations,On Pathway,,3167791.01111,1666948.48219,{D6892946-D754-437E-8E0E-B434CD595EC3}
2006.28.1,2006,Forgotten Landscapes,Shannon Kelly,Video Installation,Colorado Convention Center Hotel Hyatt,Exterior facing 15th St,,3142496.62341,1696208.8973,{7620F266-DC93-4CD1-A9D9-A2368BB9B50A}
1913.1.1,1913,The Pied Piper of Hamelin,Dudley Carpenter,Oil Painting on Canvas,Decker Branch Library,,,3145483.08839,1676314.65712,{12893CFA-DACB-40E1-801E-75CDE80CFC27}
1913.2.1,1913,King Arthur Recovering the Magic Sword Excalibur,Dudley Carpenter,Oil Painting on Canvas,Decker Branch Library,,,3145471.80439,1676318.99729,{81CC7CEB-C9F2-40E7-97F7-B44173F2D2C1}
1913.3.1,1913,There is No Frigate Like a Book,Marie Woodson,Oil Painting on Canvas,Decker Branch Library,,,3145495.24128,1676314.65712,{2EF1DFC4-413E-4EA5-BD36-EA761F58E402}
1919.1.1,1919,Dennis Sullivan Gateway Agriculture and Mining,Leo Lentelli,Stone,East High School ,Esplanade and Colfax,,3152705.74999,1695169.25001,{EDB4D867-E27E-48A5-864F-3C511BBDCB66}
1920.1.1,1920,The Trapper,Allen True,Oil Painting on Canvas,Civic Center Park,Greek Theatre,,3143764.88545,1694154.02357,{9BD1B3E0-8AFE-49D0-83E3-620A9F0C270B}
1961.3.1,1961,The Bermese Nebula,Vance Kirkland ,"Oil,water, and gold on linen",Temple Buell Theatre Lobby,,On Loan from the Kirkland Museum.,3141183.21232,1696442.22851,{A7B0910A-AB77-4868-BA78-2EBA7FD5EE21}
1972.1.1,1972,Valedictorian,Abe Vigil,Painted Wood and Metal Sculpture,Governors Park,,,3145817.74747,1690362.03587,{26F83612-0A8E-43F0-9211-572956383FBB}
1975.5.1,1975,Metal Screen Sculpture,Vincent OBrien,"Metal, stained glass, machine parts.",Hampden Branch Library,,,3176109.81681,1663912.57859,{141F8146-FD12-45A8-9606-3F241DD65DE8}
1978.2.1,1978,La Alma Mural,Emanuel Martinez,Mural,La Alma Recreation Center,,,3139344.47174,1692606.64743,{7029E6C6-BDD8-4428-8565-7B9E4BC09EB1}
1980.4.1,1980,La Familia Cosmica,Jerry Jaramillo,Mural,La Familia Recreation Center,On Wall in Indoor Pool,,3142251.65101,1685889.12395,{312C0C28-1D4E-418F-B0BB-48EB018E516E}
2003.17.1,2003,The Yearling,Donald Lipski,Steel  Fiberglass,Denver Public Library,Childrens Lawn,,3143882.77761,1694032.00948,{132FE018-2318-40F9-997D-45A7F1BC6093}
1981.1.1,1981,At the Library,Barry Rose,Ceramic Tiles,Denver Public Library,Central Branch Exterior,,3143988.51703,1694108.81993,{37567026-754C-4673-A0E8-E4F2BA794C85}
1982.1.1,1982,Kenneth Mackenzie MacIntosh,Dane Romberger,Bronze,Wellington E Webb Municipal Building,MacIntosh Plaza,,3143641.37135,1695118.33458,{835329D7-DF0C-4EB5-8F6D-A9B46757530B}
1988.3.1,1988,"Brown Flowers, the Mestizo People",Carlota Espinoza,Mural,Denver Department of Social Services,,,3133816.85568,1693063.28303,{C0CE5756-228B-40FF-B3DC-D981768F3A20}
1988.4.1,1988-89,Keepsake Quilt,African-American Quilters and Colle,Fiber,Ford-Warren Branch Library, ,,3150078.40284,1700870.30953,{5C0703DC-A1C5-4E0F-83A5-A1BCCE8A8270}
1989.1.1,1989,Beatrix Potter Characters,Jo Ehr ,Painting,Athmar Branch Library, ,,3136897.21494,1679163.18899,{1B31E78B-9854-442A-8ABF-9910CAC709F7}
1993.1.2,1993,Beginning of a Century,Susan Cooper,Oil on Sculpted Wood,City and County Building,,,3143168.53502,1694579.6615,{D1F8DABE-2C68-4FD5-880B-C9C2FE6E0FFD}
2003.18.1,2003,World Family,Bob Luna & Martha Keating,Ceramic Murals,Family Crisis Center,Interior,,3133903.35152,1692387.67543,{DFE8C00A-B479-47E4-85B7-74BD1EEEA9AD}
2003.19.1,2003,Color Wind,George Peters and Melanie Walker,Powder coated Aluminum,Family Crisis Center,Exterior,,3133888.82864,1692386.46512,{754B0266-6154-4610-8B2F-5361E0E9AB6C}
2003.20.1,2003,Portal Achway,Stephen Morath,Painted Steel,Family Crisis Center,Exterior,,3133890.03894,1692408.25139,{C42D118F-0B2D-4698-95CA-5F19A5599705}
2003.20.1,2003,Portal Achway,Stephen Morath,Painted Steel,Family Crisis Center,Exterior,,3133888.82864,1692431.24805,{E1B5A235-0496-4D37-80DB-66DCCD53AE0B}
2003.22.1,2003,"Bird House, Light House and Tree House",Sandy Toland,Ceramic and plywood murals,Family Crisis Center,Lobby Area,,3133926.34817,1692433.66873,{E0F7904A-F6E7-4985-A39B-B2354A776884}
2003.25.1,2003,Portrait of William Scheitler,Steve Altman,Acrylic Painting,Scheitler Recreation Center,,,3126081.62549,1709795.18604,{FC3B3006-4B25-48F8-BB73-9BDDC7BD3AD6}
1994.21.1,1994,Art Cronicles,Alex Sweetman,Photography,Denver International Airport,,,3232019.86439,1736016.68206,{E8A1D315-5718-4C3F-A940-53681663289E}
1932.2.1,1932,Eagle ,Nicolosi,Bronze,City and County Building,On top of building,Painted in 1949 with 23 karat gold leaf.  Measures 6ft 6in.,3143105.99811,1694543.81334,{95E8271E-31FF-4601-BA00-4ABDCA1118DA}
2007.1.1,"2007
2007",Aerial,"John Davis
","Metal and Concrete
",Denver Skate Park ,Little Raven St and 20th St,,3139790.47391,1701942.7458,{9966F9BD-4DB9-40A6-880E-FE021E4BB980}
2007.2.1,2007,Life of the Mind,John McEnroe,Plastic,"Green Valley Ranch School
Green Valley Ranch School
",4100 Jericho St,,3206267.78034,1712126.64238,{93852FF2-15BF-4625-AF9D-C3841B8AB557}
2008.1.1,2008,Villa Park Gateway,Gary Sweeney,Steel and Stone,Villa Park,8th Ave and Grove St,,3133259.32797,1690917.91009,{3B2E1953-FE2F-4A5B-82A2-BE6AA7E75818}
2008.2.1,2008,Fault Shadows,Patrick Marold,Steel and Glass gate and Rail Element,Gates Tennis Center,3300 East Bayaud Ave,,3155181.16279,1685457.17846,{3BE2EB4D-4E8D-4362-B3EF-BCC6880B153C}
2008.5.1,2008,Westwood Renaissance,Daniel Salazar,Photo Installation,Westwood Community Center,980 S Lowell St,,3131478.1985,1680193.88872,{8E8E9AA5-3696-44E1-B11A-A81745E47D63}
2008.6.1,2008,"Untitled
",Conor Hollis,Powder Coated Steel,Aquagolf,501 W Florida Ave,,3142315.8651,1676596.93514,{330C0280-419B-46C1-83A3-B5E4F5E31B20}
2008.7.1,2008,National Velvet,John McEnroe,"Fiberglass, Resin, Sand and Steel",Highlands Bridge Overpass,,,3138210.49201,1701278.1658,{C2FE5019-7326-4353-9FAA-11DC28F61E41}
2008.8.1,2008,Tradition,Joseph Cipri,Bronze,"Stapleton Fire Station
","7934 Martin Luther King Blvd
",,3169861.70342,1702163.82002,{A36457C3-0E2C-4681-B103-1E7BD16AC2C5}
1953.1.1,1953,Old Courthouse Bell,Carol Candelaria Rothberg and or Fl,,14th and Larimer,West side of the Street,,3140542.62829,1697451.71984,{EAC0E31C-9262-4FC3-BEC5-C6B1DDC5409E}
2003.30.1,2003,Portrait of Hiwatha Davis , Robert Evans,Acrylic Painting,Hiawatha Davis Rec Center,,,3162514.81661,1703820.58992,{5B81F8AE-466C-4B50-BA2F-A8B8983480E1}
2003.31.1,2003,Davis Rec in Motion,Gary Emrich,Video Installation,Hiawatha Davis Rec Center,,,3162544.32991,1703806.7008,{72A87712-1C9D-48A9-9011-1F0246A7102F}
2006.26.1,2006,Antique Gold and Aquamarine Chandelier,Dale Chihuly,Glass,Ellie Caulkins Opera House,Atrium of Opera House,,3141353.17551,1696581.30832,{679BA9C2-EEE5-45B8-A7A9-325DD9F5E543}
2005.8.1,2005,Good Fortune is Here to Stay,Yuan Xiao Ceng,Bronze,Denver Zoo,,,3153810.68915,1698472.2607,{CA0462BD-261F-44E3-B102-696B1037B668}
1920.5.1,1920,Elk Group and Buffalo,Allen True,Oil Painting on Canvas,Civic Center Park,North Portico,,3143698.73309,1694948.97786,{21C557B8-68C2-4723-93F3-FEA550CBC48D}
1995.9.1,1995,Leap of Faith,Patty Ortiz,Painted Steel,Speer Boulevard Access Ramp at Wewatta,,,3139316.49345,1698525.46486,{B9245011-E973-4A90-8097-0754B0FB9C7A}
2001.2.1,2001,Common Ground,Barbara Grygutis,Stone,Commons Park,Little Raven St. and 15th St.,,3138888.51795,1700334.59083,{71361A00-48B3-40A9-8FD9-19EE0201BC69}
1997.2.1,1997,Big Wheel,Ed Carpenter,Steel and Concrete,Broadway Viaduct,,,3143843.08542,1703031.53553,{18356DF9-5D1C-4660-BE6D-F400F3A450ED}
1998.5.1,1998,"Earth, Air, Fire, and Water",Nancy Lovendahl,Stone,Rockmont Park Cuernavaca Park,,,3140288.69119,1702328.94961,{16EF335A-12E4-4D72-B947-948583BF6AE3}
1906.1.1,1906,Sundial,Unknown,Bronze and Marble,City Park,West of the Pavillion,,3153791.95289,1697131.66808,{DA2164AE-7AD9-4625-A83E-C3093A70E6E9}
1991.2.1,1991,A Good Catch,Peter Kola,Oil painting,Denver Police Department,,,3142752.64228,1694005.86873,{B46F44CC-9096-43BE-B834-0757A07E209D}
1991.3.1,1991,Eagles Choice,Peter Kola,Oil painting,Denver Police Department,,,3142756.54214,1694034.4626,{7941A077-DE43-4624-BEE1-0F58EF9B7C13}
1991.4.1,1991,Deer Family Grazing,Peter Kola,Oil painting,Denver Police Department,,,3142743.54517,1694050.05824,{2DB0996B-3317-40DA-A5A9-DEB98E622D5C}
1991.6.1,1991,Wayward Winds,Peter Kola,Oil painting,Denver Police Department,,,3142744.84512,1694022.76558,{7D926334-0E99-4FA4-8914-8B553B225DB9}
1993.15.1,1993,Arctic Sojourn,Kenneth Bunn,Bronze,Denver Zoo,,,3154836.70145,1698717.16635,{93ED7337-E05E-4019-B8FD-E9C0C46D7807}
1993.5.1,1993,Neighborhood Epic,Martha Keating and Bob Luna,Tile Mosiac,20th St. Viaduct,,,3139251.51325,1702827.85111,{A46182CD-7C32-4C00-9DFD-90A3548C2617}
1993.13.1,1993,A Life in Harmony with all Creation,"Ken and Judith Williams, and Maria",Ceramic Mosiac,15th Street Underpass,,,3139323.7685,1699494.96659,{14BCEB82-3DEB-4E23-85B1-1F33353A9D5B}
1996.6.1,1996,River Glyph ,Andrew Dufford,Sandblasted Concrete/Lithochrome Dye,City of Cuernavaca Park,"Along Park Paths, I-25 and 20th St.",,3139658.93406,1702377.38305,{9E187BDC-D23B-4EE0-9E1A-C64A7DB396E9}
1993.14.1,1993,Frog,Susan Raymond,Bronze,Denver Zoo,,,3154714.07436,1698668.11471,{27FA42D3-4517-45FD-AF25-11DA70FB93FB}
2006.27.1,2006,Two Hundred And Twenty Two Point Five Degrees Arc,Bernar Venet,Steel,Commons Park,Little Raven St. and 15th St.,,3139330.18376,1700696.39966,{1EA20B4B-1364-4324-BE07-E05442ED713F}
1997.8.1,1997,Visions Born by This River,Robert Tully,Stone,Gates Crescent Park ,W 23rd Ave. and Water St.,,3135992.08481,1698108.3543,{306488F2-7DB4-4AF9-BF2C-7F3B61FBF3B0}
2003.1.1,2003,East 2 West Source Point,Larry Kirkland,"Carrara Marble, Cast Bronze and Gold Leaf",Wellington E Webb Municipal Building,,,3143328.95565,1694929.31099,{3EAB2D4D-F238-4D9E-9CF1-33BAC888B315}
2003.15.1,2003,Building Blocks,Robert Murase,Stone and Marble,Wellington E Webb Municipal Building,,,3143661.85377,1695133.58865,{E1054F39-D6E3-418D-9D13-82F5D7AE378D}
2003.16.1,2003,Tools,Donald Lipski,Mixed Media,Wellington E Webb Municipal Building,,,3143540.79932,1695204.51746,{F84F01C1-D158-4125-9A81-386EE3E8A5A9}
2003.7.1,2003,Workers,Darrell Anderson,Ceramic Mosaic,Wellington E Webb Municipal Building,,,3143235.32892,1695015.3718,{E1882AFF-33C8-44E9-9584-0640914D4FD4}
2003.12.1,2003,Whole Life,Bonny Lhotka,Holograph,Wellington E Webb Municipal Building,,,3143250.46084,1695020.1002,{3EA896D0-C380-418D-BF6F-4C8767CE96C6}
2003.6.1,2003,Ascent,Bill Starke,Cast Metal,Wellington E Webb Municipal Building,,,3143289.23492,1695033.34132,{CE692D44-2E84-479E-A628-680359C4D5E4}
2003.5.1,2003,Canyon Walls,Judith Trager,Fiber,Wellington E Webb Municipal Building,,,3143302.47605,1695035.23212,{4EC59410-0547-4364-8E5B-2F17A7180A91}
2003.10.1,2003,Civic Centerized,Steven Altman,Acrylic Painting,Wellington E Webb Municipal Building,,,3143317.60797,1695043.74353,{C8863340-22DA-422B-9652-1663E2B24390}
2003.13.1,2003,Antiquities and Revisisted,Sue Quinlan,Wood Carving,Wellington E Webb Municipal Building,,,3143338.41378,1695049.41872,{9B0659E3-ED61-4BF9-A968-2C0B93A5EDEC}
2003.8.1,2003,Inter Spirit of the Created Colorado Vision,Nathaniel Bustion,Stone and Marble,Wellington E Webb Municipal Building,,,3143351.65365,1695056.03793,{5068D3D5-DBA4-4BF4-B6F8-C7F533F77AA2}
2003.4.1,2003,Grand Poobah and Office Fairy,Daniel Salazar,Photograph,Wellington E Webb Municipal Building,,,3143370.56858,1695066.44153,{821BCE32-882B-4FFF-BA32-05D500910727}
2004.5.1,2004,Model State; A Local Cosmology,John McEnroe,Fiberglass and Polyester Resin,Convention Center Expansion,,,3142023.04688,1695963.71706,{44099090-A3B3-40F5-9194-BC13100B25BB}
2003.26.1,2003,The Spirit of Togetherness,Yvonne Munide,Acrylic Painting,African American Research Library,,,3145835.34821,1699202.46977,{0A1423AD-279B-4490-924C-9BF56892A95F}
2004.8.1,2004,African American Spirit of the West,Thomas Jay Warren,Bronze,African American Research Library,,,3145846.03615,1699205.24112,{532860DE-67E2-4952-81A0-E773B997BB33}
2003.24.1,2003,Firehouse,Dennis Oppenheim,Aluminum Mixed Media,Fire Station 9,,,3149602.70295,1708960.0435,{FBB4AA0B-842E-4378-B5B7-AA7C2A43F952}
2003.28.1,2003,Bluecityjungle,Michael Gadlin,Acrylic Painting,Police Department District 2 Northeast,,,3162266.26896,1706280.61129,{7A3555ED-4D2D-4640-8762-9C873D728E38}
2004.7.1,2004,Silver Sky,Dayton Claudio,Epoxy Composit and acrylic,Montclair Recreation Center,,,3170324.09624,1690402.91115,{7CA178B1-186D-4996-BBF3-476591332813}
2004.9.1,2004,Swimming under the Trees and Autumn Leaves,Shan Shan Sheng,Cold cast glass,Rude Park Recreation Center,,,3134072.47051,1693448.45327,{3AD352BA-63BE-49D5-9E2A-9D8558196C52}
2004.6.1,2004,Aqua Portal,Don Lawler and Meg White,Marble,Ashland Recreation Center,,,3135535.92832,1701947.06129,{17E44A64-8564-48C1-847C-A8B411E47924}
2005.5.1,2005,Camino,Michael Clapper,Limestone and stainless steel,Park Avenue Warehouse,,,3141808.58254,1703926.59813,{CC0CC005-53B2-46F7-902C-5175FBA6DED5}
1920.2.1,1920,The Prospector,Allen True,Oil Painting on Canvas,Civic Center Park,Greek Theatre,,3143737.14998,1694155.41186,{26F5B1A2-BAE5-44C3-919B-E6322875E116}
2008.9.1,2008,Camarasaurus and Ceratosaurus,Gary Staab,Fiberglass,DMNS Garage,2001 Colorado Blvd,,3156342.78643,1697938.82514,{A25F1531-D625-4E0C-B6B8-C421F5F8BECD}
2008.10.1,2008,Mustang,Luis Jimenez,Fiberglass and Steel,Pena Blvd and Pena Cir,,,3231346.53926,1729761.20792,{EDAA1CBB-A05A-4D76-85F9-5B4B8C2D8099}
2005.3.1,2005,Rehearsal,Stephen Batura,Acrylic Painting,Ellie Caulkins Opera House,,,3141378.68118,1696596.0741,{51295D42-D840-4B42-84BC-1C56C16C5EEC}
2006.10.1,2006,Maria Mosina and Igor Vassim,John DeAndrea ,"Bronze, Polychromed in Oil",Ellie Caulkins Opera House,,,3141405.52832,1696606.81266,{A92EB248-E9E9-4600-8B4D-772D43E43D79}
1994.3.1,1994,Flame of Compassion,Ross Barrable,Steel Wire,Communication Center,,,3152242.52389,1691673.91545,{742E1618-5CE8-4A97-82D5-710DD0BA3686}
1997.7.1,1997,Family Pillar,Lisa Kaslow,Painted Steel,Social Services Building,,,3133964.49238,1693003.91744,{3C821E61-7E23-42BE-8AEF-746371D1F24C}
1968.4.1,1968,Hungarian Freedom Monument,Zoltan and Steven Popovits,Bronze,Hungarian Park,,,3147439.91209,1687046.99739,{BEEB3FDA-C199-4E5D-8C5E-DDE71FAA5D2D}
1932.1.1,1932,Benedict Fountain,Maurice Bardin,Marble,Hungarian Park,,,3147164.87177,1687120.87156,{A5891577-9B2B-403D-98F8-10073EC4E168}
1976.1.1,1976,Steel Street Fountain,Gary Dwyer,Concrete ,Cherry Creek Park,,,3154667.07975,1685574.83301,{78C81638-5ABA-49CA-BFA6-2275264DC37A}
1976.3.1,1976,General Pulaski Monument,Zbigniew Maleszewski,Marble,Pulaski Park,,,3155607.98116,1684641.54308,{B68FA166-2FEC-4C95-8752-9E0464B13069}
1991.18.1,1991,Juntos/Together,Tony Ortega,Tile Mosiac,Lakewood Dry Gulch Park,,,3127902.24329,1692252.0306,{861DACD0-1AFF-4026-81DE-0F4D49856E43}
1992.4.1,1992,Dominion,Evelyn Rosenberg,Steel,National Western Stock Show Complex,Exterior,,3148858.69375,1709759.15735,{E8D3EEFA-1389-49C9-829E-0D21C257CE6A}
1993.12.1,1993,Family and Community Fun,Nick Vigil,Mural,St. Charles Recreation Center,,,3148640.95157,1705632.29371,{AC0860FA-F5A7-4AA1-AB12-4918CFF2BF87}
1995.7.1,1995,Argento Piattino con Pesce,Andy Libertone,Metal/Stone,6th Speer and Lincoln,,,3144560.75007,1689507.47969,{737324A0-0F3A-4645-AE70-85209F5AAECA}
1996.1.1,1996,Bridge of Recycling Fountains,Laura Audrey,Water/Steel,2000 West Third Avenue,,,3138111.16704,1687854.99275,{5889251C-D590-425C-BCB5-5378D36363C7}
1996.2.1,1996,Mountain Streams,Steven Jensen,Wood,Davis Pavilion,,,3143274.09383,1690520.99038,{9364FA72-4D66-4690-B8D6-34DB58D0CEF3}
1988.2.1,1988,When Legends Run Free (Running Wolves),Rik Sargent,Bronze,Museum of Nature and Science,,,3156727.48188,1697895.7896,{D1D2EA0B-6B24-4498-B5A5-662B33FBBFD7}
1969.1.1,1968,Unititled,Angelo DiBenidetto,concrete and original was plywood,Burns Park,,Redone in 2004 in concrete,3157607.57976,1685009.17899,{CD0CE849-8E28-4680-B152-27024151B1C0}
1999.1.1,1999,Jazz,Barbara Baer,Painted Steel,Burns Park,,,3157595.6445,1685163.04116,{CC16AB14-6D6B-4635-A9E3-4CB6B3A8A02A}
1993.7.1,1993,Petros,Bill Gian.,Painted Steel,Creekfront Park,,,3140507.25537,1697234.55949,{E9D4E20F-9B0F-4E59-A2AC-C2A7F113C902}
1995.4.1,1995,Legend,William Burgess,Painted Steel,16th Street Mall Extension,,,3140586.24889,1698891.24245,{E1E625E7-20A3-48F2-AC7A-FC8CC6D6D600}
1995.5.1,1995,Platte Valley Time Vanes  6 vanes,David Griggs,Painted Fabricated Steel,23rd Street Viaduct,,,3143137.70225,1701063.08751,{9C91C578-24FE-4193-8890-45F95D243494}
1968.3.1,1968,Untitled,Wilbert Verhelst,Wood and plexiglass,Burns Park,,,3157519.90577,1684722.72112,{95767545-6498-49FD-9841-A7F2EF15A9A6}
1968.2.1,1968,Untitled,Roger Kotoske,Wood and plexiglass,Burns Park,,,3157660.53154,1684886.99989,{9BCF44C3-4494-4AAE-9380-D8FC1173B269}
1989.4.1,1989,Hogback,Elaine Calzolari,Sandstone  ,Cherry Creek Park,,,3154371.37265,1685640.84385,{2641A8F2-F596-463D-8809-4FFFE6A94B73}
1990.2.1,1990,Park and Garden Benches,Carolyn Braaksma,Concrete and Bronze,Colorado Blvd and MLK Blvd,,,3166038.21316,1705931.76436,{9447E5BE-70B0-46F2-8297-0C0629FC8EF1}
1990.1.1,1990,Sandstone Median,Trine Bumiller,Sandstone,Colorado Blvd,On medians down Colorado Blvd. between 44th and Alameda,,3157337.33965,1685671.92978,{82CB2B10-BA91-49CA-8EE6-650B08D1BD74}
1994.4.1,1994,First Round,JoeSam.,Painted Steel Wood,Kennedy Golf Course,,,3178362.12943,1663436.00599,{14DB9014-0125-4AB3-8744-E80ECAAB4147}
1995.8.1,1995,Untitled  Geomantic Artwork,Wang Po Shu,Stone Wood Steel,Ross University Hills Branch Library,Exterior,,3158538.48872,1667687.05474,{757BB89D-83B7-4FA9-BD36-CAF4B5B54108}
1998.3.1,1998,Full Play,Barbara Baer,Plexiglass and metal,Cook Park,,,3166418.36683,1675697.87232,{8CD841A7-8DA1-4EF6-BC9A-3E7E0204B495}
1998.2.1,1998,Man and Woman two pieces,Fernando Botero,Bronze,DPAC Atrium,,,3140963.80265,1696385.09925,{F6078108-6E67-4A16-86E9-B40261202606}
1997.4.1,1997,Monumental Intentions,Marcus Akinlana,Tile Mosiac,PLEX Galleria,,,3141126.12978,1696536.14098,{640FAE59-8A64-4DDD-A57E-6F0511840ADA}
1997.5.1,1997,Twi Lights,John Powell,Light Installation,Plex Garage,,,3141063.62926,1696733.18901,{4F404FD5-8A9D-44C2-896B-832355B2B0C4}
1971.1.1,1971,Anemotive Tower 6,Robert Mangold,Steel,Athmar Branch Library,Exterior,,3136964.86855,1679094.39132,{05A06899-9893-448C-9E06-2F14B44FEA7B}
1980.1.1,1980,Infinite Energy,Victor M. Contreras,Bronze,Denver Performing Arts Complex,,,3141145.2265,1696523.98817,{9B190AFD-4071-4665-B3EA-DB6607D0067D}
1991.19.1,1991,Ode to the West Wind,George Woodman,Tile Mosiac,Temple Buell Theatre,Mezzanine Level,,3141159.98318,1696538.74478,{6C0143DE-6E27-4EBE-9D68-9EB4EB7B2D4D}
1991.8.1,1991,Union Spire,Kevin Oehler,Painted Steel,14th and Wazee,,,3140066.00765,1697929.05216,{4D57568F-05BC-4A5D-B0D2-72C4F4BB9ABF}
1991.10.1,1991,Colorado Vactionland,Gary Sweeney,Photographic Installation,16th and California,,,3142818.27774,1696776.2123,{B9BBB0C6-DCCA-4CA6-B0B3-ED585FB5AD2B}
1992.2.1,1992,Soundwalk,Jim Green,Sound Sculpture,Between 15th and 16th on Curtis,,,3141559.65958,1697464.4142,{5DC386D4-CEE1-45ED-A317-7EB23A9D4851}
1992.3.1,1992,Creekfront,Barry Rose,Ceramic Tiles,Creekfront Park,On bollards at Speer Boulevard and Larimer street entrances to the Cherry Creek Path,,3140526.67297,1697274.31015,{7CF755F4-8ACB-4529-B97E-E1964E48724B}
1912.1.1,1912,Childrens Fountain,Max Blondet,Marble,City Park,South Path around Ferril Lake,,3155278.12971,1696747.23923,{C2FF5061-F3FC-47F2-9E76-3185145763E2}
1925.1.1,1925-1926,Elizabeth Allen Sopris Mem;Sundial and Flagpole,Unknown,Bronze and Marble,City Park,West of the Pavillion,,3153855.16113,1697131.7187,{786FD1BE-FC42-4688-9F5A-9D54048EBF9A}
2001.1.1,2001,Martin Luther King Jr  Monument,Ed Dwight,Marble/Bronze,"City Park  Martin Luther King, Jr. Sculpture",,,3153387.3597,1697084.79173,{79F1F9A8-6CD4-4253-8116-91C4BBB776A8}
1961.1.1,1961,Elephant at the Waterhole Mural,Eva Brand,Mural,Denver Zoo,,,3154876.30407,1698623.55517,{F6C28216-F203-4175-B894-8430BE1F15AB}
1981.3.1,1981,Golden Eagle Sculpture,T.H. Dickson,Bronze,Denver Zoo,,,3154891.83082,1698600.265,{6FA0E411-7194-42D8-B046-2A986D10B119}
1988.1.1,1988,Cares For Her Brother,Veryl Goodnight,Bronze,Denver Zoo,,,3154889.88933,1698575.03466,{6FD980E3-F72C-48DE-AD12-D3C4C8565819}
2004.4.1,2004,Laughing Escalator,Jim Green,Sound Installation,Convention Center Expansion,,,3141891.97976,1696065.51238,{40A9B6F9-202D-4946-9CF1-E9BDAE822548}
2003.9.1,2003,Construction  ,Darrell Anderson,Painted Ceramic,Wellington E Webb Municipal Building,5th Floor Elevator Hall,,3143383.88893,1695090.28491,{B3C42401-307F-4EE3-926E-BABE768DEAF0}
2005.7.1,2005,Meeting of the Minds,Douglas Kornfeld ,Painted Steel,City Park Golf Clubhouse,,,3151970.52854,1699580.95652,{7150ADEB-ADD3-461E-8F32-DF096B3155DD}
2006.11.1,2006,Gratis and Aegis,Jonathan Stiles,Steel,Police Department District 3 Southwest,,,3152047.43327,1675678.77949,{91F7B50C-F014-4936-B20D-15D55087E918}
1934.1.1,1934,American Indian Orpheus and the Animals,Gladys Caldwell Fisher,Stone Relief,City and County Building,,,3143163.20792,1694528.63197,{3913FE72-0CE2-4724-A2F8-C6F8D4187484}
1939.1.1,1939,Unknown,Louise Ronnebeck,Fresco,Denver General Hospital, ,,3143315.00938,1689950.13389,{FD731D6F-E33F-4D03-AD39-EF42146BB790}
1991.14.1,1991,At Play,Julie Burrington,Mural,Congress Park Pool,,,3153046.43077,1691239.68355,{0F72332A-E5DC-440E-8D8A-1E8D3DB71539}
1997.6.1,1997,The Flag,Jill Burkee/Giancarlo Biagi,Painted Bronze,Social Services Building,,,3133955.32381,1693031.42175,{9A6663BE-0653-4148-82B6-E2C5BE9845CD}
1992.1.1,1992,Personal Icons,Barry Rose,Bronze Tiles,Ross Barnum Branch Library,,,3130990.34513,1686723.02105,{66CEEC07-8448-4902-BE92-DB67B0A1E5EB}
1968.1.1,1968,Homage To The Pioneer,Susan Pogzeba,Bronze and Concrete,SE Corner of Lincoln and Speer,,,3144385.35458,1690114.48174,{552FE9A7-D24C-4E22-8032-CC709E7CD8F9}
1969.2.1,1968,Untitled  Dedicated To Martin Luther King Jr,Anthony Magar,Wood and plexiglass,Burns Park,,,3158043.77817,1684879.83802,{28DABC66-5C99-43DC-B3AD-0852C8E78925}
1991.16.1,1991,Jesters,Mike Davis,Painted Steel Sculptures,Curtis between 14th and 16th,On either side of the street,,3141454.51372,1696763.74645,{A2436F24-9B47-4588-BEF3-5F862882AD4B}
2003.39.1,2003,Dancers,Jonathan Borofsky,Steel and Fiberglass,DPAC Sculpture Park,Speer side,,3140818.83732,1695921.55738,{48EA41C1-F54A-4135-9D1C-F97C0DDD273E}
1975.1.1,1975,Untitled,Gerald Cross,Steel  and Plexiglass,Auraria Triangle,,,3140737.24001,1695014.43931,{1DEBFFF5-0957-4B81-A5A6-950AFC6F89AC}
1991.11.1,1991,Jade Spire,Kevin Oehler,Bronze,17th and Blake,,,3141166.43102,1698923.61535,{BA6F8A91-BB0B-4816-8A94-ABCE1994F76B}
1909.1.1,1909,Robert Burns Memorial,Grant Stevenson,Bronze,City Park,,,3153629.32578,1697476.33593,{AFC2BBE6-57A6-4F3E-B7B2-BBA91E0D25BA}
1977.2.1,1977,The Sentinel  Pronghorn,Kenneth Bunn,Bronze,Denver Zoo,,,3154843.31031,1698611.91008,{65ADF8B4-506E-48F5-9744-5FB0B75628BE}
1924.1.1,1924,Pinhorn Statue and Drinking Fountain,Clara Soanson Dieman,Bronze, Larimer Square,Breezeway,,3140867.28117,1697532.44834,{3467B7AC-8C39-403F-96CC-71C9F5C29667}
1998.4.1,1998,Sympathetic Embrace,Michael Clapper,Stone,Denver Health,Corner of Bannock and Speer,,3143419.72021,1690486.81229,{91AFD5D4-9870-4760-93E5-D52519CD808B}
1989.5.1,1989,The Gorilla,Sherry Sander,Bronze,Denver Zoo,,,3153071.84758,1698722.89981,{8EF23823-F9AF-485E-8761-83A8118370E6}
1991.5.1,1991,Moose And Baby Grazing,Peter Kola,Oil painting,Denver Police Department,,,3142777.33621,1694044.85967,{06BF5C81-DB3C-4539-8D51-07470DE4AFC8}
2002.1.1,2002,Northpark,Tony Ortega and Maureen Auman,Sandblasted Concrete/Lithochrome Dye,Northside Park North Platte Reclamation,,,3160411.24323,1713113.77379,{E6749507-D499-4BDB-B8A1-5FAC51372F88}
2003.11.1,2003,South Gateway,Scott Greenig,Painting Acrylic,Wellington E Webb Municipal Building,,,3143275.04965,1695026.72072,{BE9918CF-3AE4-4350-B472-6AA7606EDBCA}
2003.3.1,2003,Civic Center Floating Island,Jim Colbert,Oil Painting  ,Wellington E Webb Municipal Building,,,3143406.50638,1695107.20251,{A4CE9EFE-07CC-4492-B07B-F907B8B71241}
2003.27.1,2003,Cultural Tapestries,L.Brower Hatcher,Mixed Media,Police Department District 1 Northwest,,,3139718.36458,1709546.39557,{3B158E05-300A-438F-8FA5-B919C49C0E02}
2003.19.2,2003,House Play  Childerns Cabinets,George Peters and Melanie Walker,Painted Plywood  ,Family Crisis Center,Lobby Area,,3133917.87573,1692387.67543,{94E01B5D-DC20-4831-9382-C95BFC2CFF47}
1920.6.1,1920,The Ancient Mariner,Robert Garrison,Carved Stone,Park Hill Branch Library,Main Building East Wall,,3159560.57525,1697780.60248,{F84F0A72-C907-4BC9-830F-1CBDC8B07699}
2008.4.1,2008,Stimuli,Christopher Weed,Powder coated steel,Lowry Head Start,11th and Ulster St,,3170450.6697,1691736.95573,{22346C14-C1D1-4002-984F-728524B8E17A}
2009.1.1,2009,Current3,Virginia Folkstad,Light,Manny's Bridge,Wynkoop St over Cherry Creek,,3139625.59748,1698468.9927,{7AB954FC-7FCA-4450-B935-CB2522B2AAE7}
1911.1.1,1911,Pioneer Fountain,Frederick MacMonnies,Bronze Granite,Broadway and Colfax,,,3144073.99213,1694938.70287,{BCF33A28-2374-4E3B-8473-89111BCF668C}
1970.1.1,1970,"Christopher Columbus, Discoverer of America",William F Joseph,Bronze,Civic Center Park,,,3143804.88282,1694668.52477,{29F7AF53-C86D-4827-A88D-7906BA039955}
1920.3.1,1920,Broncho Buster,Alexander Phimister Proctor,Bronze,Civic Center Park,,,3143690.68269,1694431.85468,{DA83485E-1C1F-4545-902B-6E8B32D479E7}
1922.1.1,1922,On The War Trail,Alexander Phimister Proctor,Bronze,Civic Center Park,,,3143807.63855,1694435.39874,{D40096F7-8F3C-4E11-B382-0ECE8DD70901}
1989.3.1,1989,Calculated Risk,Erick Johnson,Aluminum  ,City Permit Building,NE corner exterior,,3143305.39023,1694208.3919,{51851C19-854B-47F7-B9DE-2AF1BED6EC04}
1989.2.1,1989,Town Where The West Went Wild,Steven F. Morath,Mural,City Permit Building,,,3143291.22058,1694180.05128,{E35BFC1E-5C20-4986-A68C-31887BBDC5BA}
2004.3.1,2004,Indeterminate Line,Bernar Venet,Cor-ten Steel,Convention Center Expansion,Corner of Speer and Stout,,3140886.45454,1695638.29404,{7AFB3531-504C-4A1A-B15D-34E72EBCA570}
1991.9.1,1991,Tail Spin,Erick Johnson,Metal Installation,Colorado Convention Center ,14th St side lobby exhibition hall,,3141712.23507,1696237.44047,{FC29AAB4-EF8E-4D14-BFFD-C1C2D27EEE89}
2004.1.1,2004,Pioneers of Colorado,William Mathews,Watercolor,Convention Center Expansion,,,3141766.93976,1695911.81747,{F24D8D6A-931E-4C59-8B52-8A53FD2A1D2F}
2004.2.1,2004,Wood Water Rock,Trine Bumiller,Oil Paintings,Convention Center Expansion,Amphitheatre Lobby,,3141506.44184,1695310.06593,{7CE62E61-98BA-47F3-AD26-EB9B325A0BCF}
2005.2.1,2005,Stone Garden,Jonathan Bonner,Granite,Convention Center Expansion,,,3142233.23215,1695833.66812,{1A60C7D6-B590-4934-B89B-C146A23B2664}
2005.1.1,2005,I See What You Mean,Lawrence Argent,Composite Materials,Convention Center Expansion,,,3141873.74401,1696180.13067,{AC60D84F-5EEE-4DAF-94C9-0EBAB19F4F7E}
2005.4.1,2005,Reconstructing Ancient Colorado Landscapes,Johnson Vriesen Museum,Acrylic,Convention Center Expansion,,,3141639.15305,1695756.22912,{D1806375-9AF3-4332-8EC8-FC89ADB7412E}
1898.1.1,1898,The Boy and a Frog,Elsie Ward Hering,Bronze,Denver Botanic Gardens,,,3151543.38639,1691648.49587,{F33FFBF7-3841-48CC-9785-33CBE2388F2E}
1925.2.1,1925-26,The Story of a Pikes Peaker,Robert Garrison,Frieze Stone,Denver Botanic Gardens,,,3151158.02116,1691849.48868,{2824B974-387B-4473-806B-CD61C3AFEE10}
1980.3.1,1980,Scripture Gardens,William F Joseph,Bronze Plaques,Denver Botanic Gardens,,,3151606.116,1691725.80906,{839C69ED-4AF7-4134-AD50-93EB8D7A6FEF}
1971.3.1,1971,Feature Fountain,Unknown,Stone,Denver Botanic Gardens,,,3151468.18112,1691736.19395,{A5255696-E6FA-425A-9EF2-FE15DA30BC82}
1938.1.1,1938,Unknown Portrait of Thomas Jefferson,Unknown,Oil on Canvas,City and County Building,,,3143162.33911,1694539.04856,{2BA5121E-07C0-4290-B0DF-9A6251323680}
1950.2.1,1950,Miners Court,Allen True,Oil Painting on Canvas,City and County Building,,,3143162.33911,1694560.75039,{806519E5-EBFA-4C25-AD22-3C8058965A1C}
1993.1.1,1993,20th Century Perspectives,Susan Cooper,Oil on Sculpted Wood,City and County Building,,,3143163.20792,1694569.43067,{48A67E23-539C-4B4B-B2ED-10BEE30B5B0A}
1995.1.1,1995,Saco DeBoer,Ed Dwight,Bronze,City and County Building,,,3143164.94291,1694519.95177,{A083E9D5-DE57-481C-B499-807DD011F9A5}
1995.2.1,1995,Mayor Robert Speer,Thomas Jay Warren,Bronze,City and County Building,,,3143168.41552,1694511.27156,{CDF68E32-C3AF-4CAE-AF27-FE6D51063766}
1980.2.1,1980,Colorado Miner,George Carlson,Bronze,Washington Park,,,3149048.65372,1681346.90905,{16577828-C1C2-40C5-9B10-AA015988B273}
1918.1.1,1918,Joseph Addison Thatcher Memorial,Lorado Taft,Bronze and Marble,City Park,Entrance off Esplanade,,3152738.77986,1696630.81839,{C6F18723-A1F4-4611-9299-A1A468D61A15}
1966.1.1,1966,Antique Chinese Type Sundial or The Sundial,Milt Erickson,Stone  ,"1st and Bellaire St, off Colorado Blvd.",,,3159020.58051,1687341.48917,{20F8D148-5EC9-47B0-963F-CE7989EBF3D0}
1977.1.1,1977,"Pasado, Presente, Futuro",Carlota Espinoza,Mural,Byers Branch Library,Above main desk,,3140951.64199,1690122.61783,{832D5243-4A92-4456-B5D0-204811347E21}
1993.6.1,1993,Berkeley Park: Past and Present,Randi Eyre,Mural,Berkeley Park Pool,,,3127081.35872,1709791.04981,{453EC393-0D5E-4E83-AA16-32D8E667C813}
1994.1.1,1994,Clear Concept,Sherry Allen,Mural,Berkeley Park,,,3127104.96185,1709795.34061,{612E9B9F-2ECE-4BFC-AEE9-6DC65E54FE98}
1991.14.2,1991,Water Friends,Julie Burrington,Mural,Congress Park Pool,,,3153046.43077,1691239.68355,{A0229D39-0063-4F0A-B7F8-C9A2EE3FD111}
1994.9.1,1994,SubCore Floors,Darrell Anderson and Barb McKee,Mosiac Floor,Denver International Airport,,,3232557.96481,1735005.11029,{71112CD1-FED8-4758-9628-6FDE81C3F5A5}
1994.11.1,1994,Tribute to William E. Smith,Ed Dwight,Bronze,Denver International Airport,,,3232037.13141,1735352.33256,{D2616A4E-19BA-4265-B9B5-67BA85DF03DC}
1994.12.1,1994,"America, Why I Love Her",Gary Sweeney,Mixed Media,Denver International Airport,,,3231689.90906,1735439.13879,{B1A39316-9B51-41FC-BBEE-908AB889C0AE}
1994.13.1,1994,Train Call,Jim Green,Sound Installation,Denver International Airport,,,3231863.5202,1735439.13879,{C99540F0-B29B-401A-A750-2EB093FF31C9}
1994.27.1,1994,Beaded Circle Crossing,Alice Adams,Steel and Mixed Media,Denver International Airport,,,3232037.13141,1735439.13879,{A84000F4-22F9-4C9F-A705-F6B04FC3DF01}
1994.14.1,1994,Great Hall Floor,Juane Quick-To-See Smith and Ken Iw,Terrazzo,Denver International Airport,,,3231950.32643,1735612.75,{B8386239-9603-44A8-92B6-6B159E56CA7F}
1994.15.1,1994,Deep Time/Deep Space,Leni Schwendinger,Neon/bronze,Denver International Airport,,,3232037.13141,1735439.13879,{46668568-E987-4498-BA3C-A0ABC7332628}
1994.16.1,1994,Untitled  Interior Garden,Michael Singer,Concrete and plants,Denver International Airport,,,3232210.74254,1735265.52765,{1B0352EC-EC07-4953-8E9D-EDBFFB9323C8}
1994.17.1,1994,Experimental Aviation,Patty Ortiz,Metal,Denver International Airport,,,3231863.5202,1735439.13879,{F60B7B49-8AB6-4956-B520-D8532EAD60FB}
1994.19.1,1994,Kinetic Light Air Curtain,Toni Rosato and William Maxwell,Steel,Denver International Airport,,,3232210.74254,1735265.52765,{34306C44-A4F1-42D1-B42E-282AE87AD04C}
1994.20.1,1994,Audio Works,Various Artists,Audio,Denver International Airport,,,3232297.54745,1735352.33256,{81B2FF77-9A19-4F5D-851C-2789F90AB6C0}
1994.22.1,1994,SkyDance,Anna Murch,Light projection,Denver International Airport,,,3232037.13141,1735091.91652,{A76E98EA-EB7E-4B08-903C-89E295D957F8}
1994.23.1,1994,Dual Meridian,David Griggs,Steel,Denver International Airport,,,3231950.32643,1735439.13879,{70550DBE-E78E-4C12-8BD2-F4A19C4F1DAD}
1994.24.1,1994,Elrey B Jeppesen Tribute,George W Lundeen,Bronze,Denver International Airport,,,3231776.71529,1735091.91652,{470F33F4-C16B-426A-9B8F-77697CD89CB6}
1994.25.1,1994,Children of the World Dream of Peace,Leo Tanguma,Oil on Canvas,Denver International Airport,,,3231863.5202,1735005.11029,{71BD9351-8662-455F-845F-84A3FFDD5EC9}
1994.26.1,1994,Spirit of The People,Western American Indian Chamber,Photos audio painting,Denver International Airport,,,3231776.71529,1735352.33256,{35EE6BCF-6924-4B57-A947-937F8E4BBFCF}
1997.1.1,1997,Jack Swagert,George W. Lundeen,Bronze,Denver International Airport,,,3231950.32643,1735352.33256,{8EFBEEEF-A41F-422D-9BAC-30FD189B7EC9}
1999.4.1,1999,La Memoria de Nuestra Tierra ,"Judy Baca, Chicano Humanities ",Mural,Denver International Airport,,,3231863.5202,1735005.11029,{61DA11F6-9104-4410-87CC-5BADD5ADFFB8}
1999.5.1,1999,Mile High and Rising,"Marcus Akinlana, ULOZI,Inc.",Mural,Denver International Airport,,,3231863.5202,1735439.13879,{F07FF202-FC8E-4082-8B3F-5FC67CB53488}
2004.11.1,2004,Art Films - Film/Video Grant Project for Students,Various Artists,Video,Denver International Airport,,,3231950.32643,1735352.33256,{DDE950D8-3108-4239-9B33-D2D59826F468}
2003.29.1,2003,Red Rocks scenries ,Stephen Batura,Casein on canvas,Red Rocks Amphitheater,,,3082540.12378,1667475.54789,{4624C0FF-A9FB-438D-8FD3-D6D573A42E9E}
2003.32.1,2003,Red Rocks scenries ,Joellyn Duesberry,Oil on Linen,Red Rocks Amphitheater,,,3082536.73561,1667487.97082,{4C174529-D00F-4835-8CC0-2FBF8840796E}
2003.33.1,2003,Red Rocks scenries ,Christy Wyckoff,Oil on Canvas,Red Rocks Amphitheater,,,3082527.70085,1667476.6764,{6678E4D9-B19E-4AE2-99AE-66082EA9A03D}
2003.34.1,2003,Red Rocks scenries ,Buffalo Kaplinski,Watercolor,Red Rocks Amphitheater,,,3082518.66478,1667465.3833,{D929F664-24F9-4BB3-BA98-B3BC8583DC0D}
2003.36.1,2003,Red Rocks scenries ,Jim Colbert,Oil on Canvas,Red Rocks Amphitheater,,,3082520.92444,1667440.53473,{D3552D28-40CA-4988-9AD7-8FD59ADA070B}
2003.37.1,2003,Red Rocks scenries ,William Stockman,Oil on Canvas,Red Rocks Amphitheater,,,3082532.21761,1667432.6298,{3D42DAF1-5FF8-4C44-9A71-80180356BF38}
2003.38.1,2003,Red Rocks ,Judith Trager,Fiber Quilt,Red Rocks Amphitheater,,,3082544.64186,1667442.79439,{4CEC91A8-0C57-4A01-8BCA-A3E2855E0125}
2004.10.1,2004,Red Rocks scenries ,Andrew Reid,Acrylic on canvas,Red Rocks Amphitheater,,,3082548.03003,1667460.86523,{CCA52390-DB07-4CE0-916A-6C4FAE1D0702}
1974.2.1,1974-1975,Beaumont Fountain,William F Joseph,Bronze and Brass,19th and Welton,,,3144081.03866,1697562.80968,{42B855D3-BDA1-45EB-9A45-B6001490DB6B}
1975.2.1,1975,Untitled,Robert Mangold,Steel sculpture,144 West Colfax,One of two,,3141513.68782,1694848.99997,{FF511AD1-B837-4C66-8D5F-7EBB0D19232D}
1975.2.2,1975,Untitled,Robert Mangold,Steel sculpture,Civic Center Park,Two of two,,3143602.66351,1694891.10054,{703AF4E3-9A9B-4C84-89F4-078778602EAF}
1975.4.1,1975,Concrete and Steel - 1975,"Will Morton, VIII","Concrete, steel, paint, glass",Montbello Branch Library,,Interactive piece that runs through building,3185365.30971,1709702.03461,{EEDCCBA1-C1BC-496A-9DF8-C5E44B448D15}
1996.5.1,1996,Denver Central Library Public Art Project: ,Edward J Ruscha,Oil on Canvas,Central Library,,,3143904.87948,1693963.54289,{90F85882-C4CF-4547-BC56-6D86EF3AD93A}
2010.4.1,2010,Cloudbreak,Catherine Widgery,Glass and Steel,Denver Justice Center Jury Room,,,3142101.45706,1694516.04613,{A2494989-C212-4D12-9842-4F1C8B73FD0B}
2010.6.1,2010,Denver Convergence ,Ralph  Helmick,Steel,Lindsey Flanigan Courthouse,,,3142229.1681,1694771.29694,{5DB8C513-99F0-4FA2-9170-B35604CCB20D}
2010.5.1,2010,Light Chamber,Dennis  Oppenheim,Galvanized steel and polycarbonate rods,Lindsey Flanigan Courthouse,,,3142052.54182,1694580.09424,{44C174E0-7A22-4A56-A5EB-F6AFCA482C86}
2010.7.1,2010,Acumen,Garrison  Roots,Terrazzo,Van Cise Simonet Detention Facility,,,3142433.54598,1694559.91055,{897FBD9E-F7C3-43D3-BD48-AD2050851901}
2010.8.1,2010,Albedo,Osman Akan,Stainless Steel and Dichroic Glass,Denver Botanic Gardens,,,3151977.42124,1692096.45943,{F7AB4046-8C53-412B-8B5E-7F0B07B4A270}
2010.9.1,2010,Current,Michael  Clapper,Granite and Steel,Cherry Creek Trail (between Monaco and Holly),,,3163941.01476,1677846.55552,{7181C4FE-A387-4BC3-9CD7-C2630C250B06}
2011.1.1,2011,Thought Balloons ,Marek  Walzcak and Wesley Heiss,"Video Monitors, motion sensors and interactive software",Central Park Rec Center,,,3176080.8002,1702574.19569,{EE0D5A8E-AC2E-4042-A741-3B1ECB657279}
2011.2.1,2011,Staplefield,Marek  Walzcak and Wesley Heiss,Interactive LED light array,Central Park Rec Center,,,3176095.38645,1702572.57497,{CFC57FB7-45A4-4CE9-B75E-FA474487B9E8}
2004.12.1,2004,Untitled,Tony Ortega and Maureen Auman,Sandblasted painted images and text,Platte River Dr and  N Franklin st on Sidewalk,,,3148138.73895,1712908.83711,{95DCA9FF-76CA-474C-B073-69E2920F5DD3}
2009.11.1,2009,Un Corrido Pa La Gente ,Carlos Fresquez,Painted Steel,Morrison Road Gateway ,,,3125768.25482,1679120.76754,{2C318571-CEA2-4184-BBE2-08B07763F8C4}
2009.2.1,2009,Trade Deficit,Joseph  Riche,Steel,Broadway  Three locations,,,3144104.20897,1702127.08275,{62FDC19D-A438-472D-B9DA-2FC47CA22C84}
2009.3.1,2009,Tulga,Tsogo  Miigid,Stainless steel,Ulaanbataar Park/Lowry,western corner of park,,3168584.98154,1689291.63171,{3F3639D7-22E0-490F-B639-A8A945E3D138}
2010.10.1,2010,Chorus,Thomas Sayre,Earth Cast Concrete,Westerly Creek:  Donation from PCMD,,,3174156.35688,1700426.85879,{9D002101-5F95-42CE-839F-ED98BB07842A}
1991.20.1,1991,Come on in!,Jim Sale,Mixed Media,Washington Park Rec Center,,,3148949.02011,1681246.25275,{EFEA46E1-5F9B-4602-B21F-2959791AD8B0}
1996.4.1,1996,Tribute to African American and Women Firefig,Emanuel Martinez,Sandstone Relief,Firestation 10,,,3154714.58597,1703005.76099,{99EB84EC-433A-42D5-8CC2-85F98E41BA13}
1993.9.1,1993,Sun Signal and Sun Flag  2 pieces,Stan Meyer,Painted Metal,Ross Cherry Creek Library,,,3154042.42252,1688006.35786,{A9A5EA76-FC93-4A02-B7A6-D37C3AEA922A}
1922.3.1,1922,Sea Lions Fountain,Robert Garrison,Bronze,Civic Center Park,,,3143720.22584,1694892.34335,{277977E7-0C24-4DA8-98FA-442669B745D4}
1991.1.1,1991,Colorado Panorama: A Peoples History,Barbara Jo Revelle,Photographic Tile Mural,Colorado Convention Center,,,3141881.55936,1695356.95526,{85F467A0-ABDE-400D-974E-D48716EA561D}
1950.1.1,1950,Frontier Trail,Allen True,Oil Painting on Canvas,City and County Building,,,3143160.6028,1694551.20137,{E7E8B9D0-959C-415F-AB7F-1133BEBF8643}
1919.2.1,1919,"Wynken, Blynken and Nod",Mabel Landrum Torrey,Marble,Washington Park,,,3149428.44796,1681648.94822,{CE884E2B-9B4D-42B5-9937-C8DB08AE9189}
1994.10.1,1994,A Different Sense of Time,Dick Alweis,Video Installation,Denver International Airport,,,3231776.71529,1735439.13879,{C4486F94-3C05-47DC-A6B1-9B3E1D291732}
1994.18.1,1994,Notre Denver,Terry Allen,Stone,Denver International Airport,,,3231776.71529,1735178.72142,{218A46A1-C867-46F3-8AE7-AB4318D7B7EB}
1994.28.1,1994,Rearing Mustang,Luis Jimenez,Fiberglass,Denver International Airport,,,3232210.74254,1735265.52765,{F4FC917A-9475-43B2-850B-38623E06CAF6}
2003.35.1,2003,Red Rocks scenries ,Carol Fitzgerald,Watercolor,Red Rocks Amphitheater,,,3082520.92444,1667454.08881,{5A0ACA1E-B5D5-4A6B-9115-FCE2F1242A0A}
1994.2.1,1994,Lost Borders,Sherry Wiggins,Found objects,6th Speer and Lincoln,,,3144451.70171,1689841.52451,{8860FB26-B950-4ED8-B961-8977BCD5ADA5}
1997.3.1,1997,3 Wild Spaces  one of three,Andrew Dufford,Etched Granite,Goldsmith Gulch 3 locations,On Pathway,,3167458.95194,1667833.97633,{4AB48679-34F1-4C60-AA40-1E2EDC940739}
1965.2.1,1965,Untitled,Anthony Magar,Steel,University and 1st Triangle,,,3152163.56771,1687301.98246,{87411C16-7E36-4B4F-A0BD-57FFA4A8E54A}
1983.1.1,1983,Babi Yar Park,Satoru Nishita,Metal/wood/black granite,Babi Yar Park,,,3178020.90954,1669049.46468,{4376E214-51F5-433B-96DF-01182EFCAD8B}
2003.21.1,2003,Photo-Illustrations,Marcie Jan Bronstein,Digital Photographic Prints,Family Crisis Center,,,3133905.77221,1692430.03767,{925709BE-1383-4C1F-8D3D-B587AC8F4E81}
2008.3.1,2008,"Untitled
",Keith White and Your Name in Grafitti,Aerosol Paint Mural,Globeville Pool and Argo Park,4700 Logan St,,3145664.16231,1710216.26532,{50F211F3-7690-4538-9EF4-DF291E5FF1CD}
1999.2.1,1999,Confluent People,Emanuel Martinez,Mural,Little Raven St and Speer Blvd. underpass,,,3138381.57366,1699589.79982,{07D941A2-F3D2-4D49-9F21-3B043F50E7FC}
1991.17.1,1991,Medalions,John Boak,Acrylic on Metal,Harvard Gulch Recreation Center,,,3146153.61949,1670941.73595,{0646C781-E330-42C1-A93E-BE19F1F4F4DC}
2003.14.1,2003,Civic Source Point,Larry Kirkland,Aluminum and diachronic glass,Wellington E Webb Municipal Building,Atrium,,3143360.16505,1695007.8058,{975BDE36-8472-48CA-BC91-E005F0FF03AD}
2003.2.1,2003,The Ensemble,Oyedelle Oginga,Wood Relief,Wellington E Webb Municipal Building,,,3143421.63831,1695117.60472,{A2F9736E-092C-4495-8BFE-A16A684D0148}
2005.6.1,2005,The Denver ,Kristine Smock,Steel,Sloans Lake Park,,,3130237.76081,1696386.35997,{6AB80668-6B66-4F62-A210-A8ECA4B23C5F}
1991.15.1,1991,Parked Perspectives,Susan Cooper,Cast concrete,Congress Park Pool,,,3153080.81141,1691317.61341,{B292E476-96E9-4D74-96F2-352C194E4424}
1993.10.1,1993,Drums of Peace and Dignity,Nick Vigil,Painted Wood Sculpture,St. Charles Recreation Center,,,3148670.46495,1705542.885,{B332F7D8-CB6F-4D04-BBD7-905B54E144D4}
1994.29.1,1994,Continuum,Clay Wright,Acrylic,20th St. Recreation Center,,,3143343.11107,1698946.30293,{C85A9A2A-ED63-4481-A523-6F06404D537C}
1994.5.1,1994,Pursuing Perspectives,Susan Cooper,Oil on Sculpted Wood,Virginia Village Library,,,3160112.60639,1676323.88408,{50A629E9-E3FC-4EAA-B2FF-C7575FFC7BDC}
1991.7.1,1991,Taking The Heat,Joseph A Cipri,Bronze,Firestation 1,,,3141394.359,1694924.16082,{F6360C5D-D03B-48D0-BD6F-63CC434205A7}
1930.1.1,1930,Grizzlys Last Stand,Louis Paul Jones,Bronze ,City Park,NW corner of DMNS Exterior,,3156364.74943,1697822.96627,{2438F53C-805A-423A-AA88-03A7FEAF89A3}
2006.9.1,2006,Field Report,Robin Ault,Acrylic and gouche,Colorado Convention Center Hotel Hyatt,Outside of main ballroom,,3142294.83011,1696113.60564,{93C89DE4-96F5-414F-8D29-3A9C216EFEB5}
2006.23.1,2006,Untitled,Erik Paddock,Video Installation,Colorado Convention Center Hotel Hyatt,Lobby Elevator,,3142366.16541,1696096.48409,{CB6D2854-9433-46E9-A49E-F27A25B60683}
2003.23.1,2003,The Lowry Trios,Steven Batura,Painting,Schlessman Family Library,,,3167589.53597,1687202.09092,{560DFC38-FA7C-49EC-9C3D-CA0C547F3B91}
2006.31.1,2006,Hope Trellis,Emmett  Culligan,Sandstone and Steel,Eddie Maestes Park,"Intersection of Broadway, Lawrence and Park Ave West",,3144024.70453,1700327.37834,{1D9FADFA-045E-45CD-875A-96A093509877}
2010.14.1,2010,Pathways,Juarez Mike,Tile Mosaic,Westwood Childcare Facility,,,3131129.72737,1679728.10654,{7B0754AA-6CC8-47B4-8D09-BBC249780AF8}
2011.3.1,2011,Cloud Seeding,Erik  Carlson,"Video, film and text and computer interface",Green Valley Ranch Library,,,3206076.97971,1711598.92536,{2E8CAC53-04AA-4BCD-A07C-5185A1585EA1}
1924.2.1,1924,Faculty Row and Animal Spirits,Robert Garrison,Frieze,South High School ,,,3150074.66577,1677420.95318,{437A89CB-7B16-4DF0-8366-5E78F501BA97}
1983.2.1,1983,Reflections,Frank Swanson,Stone,Denver Botanic Gardens ,,,3151741.76527,1692107.73939,{6B044F14-0D9E-4A32-8590-E121E8F2A4A8}
1989.6.1,1984,Flight of the Eagle Dancer,Jerry Jaramillo,Mural,Aztlan Rec Center ,,,3139318.56472,1708406.0902,{FA6BCD70-FC6A-4911-945A-9ED2FD8F8B3E}
2011.7.7,2011,The Flying Horse Carries Me Across the Sky,Steven Altman,"Acrylic, graphite and paint skins on panel",Eastside Human Services ,,,3154493.28568,1705879.82659,{D6917DE8-42BF-48EA-BB56-38AE7EE1E11D}
2011.7.6,2011,Colorado Prints,Jess E. DuBois,12 fine art prints,Eastside Human Services ,,,3154493.28568,1705879.82659,{6E404BCD-E7E5-4BEC-84E8-9E8E6B678321}
2011.7.4.1,2011,Dream Big  Denver,Carlos Fresquez,mixed media on panel,Eastside Human Services ,,,3154493.28568,1705879.82659,{B213E2B3-7462-4939-870E-FF3B33660719}
2011.7.4.2,2011,Cubist Roots No Bull,Carlos Fresquez,mixed media on panel,Eastside Human Services ,,,3154493.28568,1705879.82659,{D6C1F5D4-3C9B-40AC-A125-2A15BB169B87}
2011.7.4.3,2011,Ya Need Culture Dog,Carlos Fresquez,mixed media on panel,Eastside Human Services ,,,3154493.28568,1705879.82659,{14065CE0-F0D8-4A68-A000-A15BED7669CB}
2011.7.4.4,2011,Sweet After Bitter,Carlos Fresquez,mixed media on panel,Eastside Human Services ,,,3154493.28568,1705879.82659,{603DE545-FB48-41AD-80E9-B8A95686362E}
2011.7.5,2011,Imagination is Key,Guerilla Garden,mural -spray paint and enamel on concrete,Eastside Human Services ,,,3154493.28568,1705879.82659,{4D6065B2-8D60-4A91-91CC-ABB350486ABB}
2011.7.3,2011,Things that make you smile I-IV,Vincent Juarez,tile mosaic,Eastside Human Services ,,,3154493.28568,1705879.82659,{DA3FB297-F5D2-457E-B40A-1F38BFF3DCA2}
2011.7.1,2011,Peace Bird,Ray King,dichroic glass,Eastside Human Services ,,,3154493.28568,1705879.82659,{E393776F-9EED-4F2B-86CE-08FFF1373D79}
2011.7.2,2011,Up Up and Away,Carol Ann Waugh,Fabric on Panel,Eastside Human Services ,,,3154493.28568,1705879.82659,{C4C23F75-1B1E-4F7E-87F0-394F3FDC3787}
2011.8.1,2011,Two Views from Above,Ken Bernstein,Photorealism Murals,Roslyn Administration Building ,,,3168522.5262,1715313.94137,{89F0DF5E-9920-4389-9B51-D8992C585F17}
2011.5.1,2011,Lake Totem,Andrew Dufford,Stone,Sloan's Lake Park Marina ,,,3125976.24046,1696828.09784,{0489E669-EE2C-4522-8357-C150E7C73788}
2011.9.1,2011,Sunlight,Adam Frank,Video Projection,Minoru Yasui Building ,,,3142954.80553,1694999.34574,{130293C1-C6E0-4853-93BE-55FB7D1EE422}
2011.4.3,2011,Sun Spot,Laura Haddad and Tom Drugan,"Three components: Steel and Stainless pet tags, aluminum",Denver Municipal Animal Shelter ,,,3139888.0303,1685761.16662,{FD025360-4228-43AC-8CED-9EEA590886B2}
2011.6.1,2011,Twilight Twist,Erick Johnson,stainless steel,Ruby Hill Park ,,,3139339.42586,1674745.23517,{2C994A09-1DC6-4AF9-81EB-8CFA460EC884}
2011.10.1,2011,Virga,Patrick Marold,stainless steel,Delgany Pedestrian Bridge...  roughly,,,3139112.28337,1698970.76602,{4BB326CC-2AE4-45E1-AEE7-961AF69A5EF3}
2011.11.1,2011,Connections,Robert Pietruzcewski,titanium and steel,Skyline Park ,,,3141467.96871,1697464.59942,{B3E5492F-A600-405C-9AC6-A4D30E582DEE}
2011.12.1,2011,Rex Morgan Tribute Sculpture,Patrick Marold,stone,DPAC Galleria,,,3140774.45353,1696261.10425,{5501200E-885D-418F-A4FB-A26B7E0CD1F0}
2012.1.1,2012,Untitled,Bob Zoell,Ceramic tiles,Police: Traffic Operations-,,,3141650.60001,1703859.79578,{83A7B158-DEE5-4723-B871-5078FDB14283}
2012.2.4,2012,Face the Sun,Kevin Curry,Lexan sheeting, ,,,3128144.01112,1706722.77983,{799499D0-A408-4B98-BFC5-8E9A69BBA787}
2006.1.1,2006,ENGI,Tatsuo Miyajima,Digital Installation,Denver Art Museum,Atriumof the Hamilton Building,,3143653.95017,1693514.76548,{6CBB93A2-217A-4FA4-A3B4-CE1107234629}
2006.7.1,2006,Untitled  Glazed Abstract paintings ,Steve Altman,Acrylic Painting,Colorado Convention Center Hotel Hyatt,,,3142217.78587,1696047.97532,{2EAD1551-3BD8-4076-8CED-733E9DBED80C}
2006.8.1,2006,Outside,Joseph Kosuth,Stainless Steel and stone,Colorado Convention Center Hotel Hyatt,Circling exterior of hotel,,3142252.02764,1696076.51072,{7A33E0A6-E57E-4EA4-9A84-450B3E3D22D3}
2006.14.1,2006,Untitled,Gary Huibgrtse,Video Installation,Colorado Convention Center Hotel Hyatt,Lobby Elevator,,3142331.92496,1696139.28656,{F32DFD34-43FC-48AA-97B7-38D277E0C55E}
2006.15.1,2006,Untitled,Daniel Perales,Video Installation,Colorado Convention Center Hotel Hyatt,Lobby Elevator,,3142377.57934,1696193.50164,{8B1F9E87-B6BF-4108-BE2E-424BD3D84DF3}
2006.16.1,2006,Untitled,Scott Engel,Video Installation,Colorado Convention Center Hotel Hyatt,Lobby Elevator,,3142414.67551,1696219.18396,{53447EC3-55A0-40CB-834B-F77587B868C9}
2006.17.1,2006,Untitled,William Wylie,Video Installation,Colorado Convention Center Hotel Hyatt,Lobby Elevator,,3142440.35643,1696247.71804,{31869A00-20FE-4576-B36D-97FFDA5845F8}
2006.18.1,2006,Untitled,Jeffrey Hirsch,Video Installation,Colorado Convention Center Hotel Hyatt,Lobby Elevator,,3142480.30451,1696281.95981,{55775C3D-8F4B-45C4-98BF-5645C06E5509}
2006.19.1,2006,Untitled,Kevin OConnell ,Video Installation,Colorado Convention Center Hotel Hyatt,Lobby Elevator,,3142252.02764,1695999.46654,{82EEE893-50F1-4145-AB2C-A1D63831E0E7}
2006.20.1,2006,Untitled,Steve Fitch,Video Installation,Colorado Convention Center Hotel Hyatt,Lobby Elevator,,3142274.85542,1696030.85509,{5FA92E58-C2E0-484C-B15C-4285B8365413}
2006.21.1,2006,Untitled,Frank Golhke,Video Installation,Colorado Convention Center Hotel Hyatt,Lobby Elevator,,3142311.95034,1696050.82979,{90F1BB6A-5021-4BCA-A185-5CFDB8EC62E0}
2006.22.1,2006,Untitled,Michael Mancarella,Video Installation,Colorado Convention Center Hotel Hyatt,Lobby Elevator,,3142346.19204,1696076.51072,{77252CD8-D653-4FD5-90C2-B3CD8CCDC9D1}
2006.24.1,2006,Untitled,Lyn Smith,Video Installation,Colorado Convention Center Hotel Hyatt,Lobby Elevator,,3142397.55396,1696125.01949,{D031B4C1-D0FD-46BE-9C90-4E090FCC3D87}
2006.25.1,2006,Untitled,William Suttom,Video Installation,Colorado Convention Center Hotel Hyatt,Lobby Elevator,,3142443.20959,1696159.26126,{94DE8881-1E41-45A3-A144-0414D9C85630}
2006.3.1,2006,Channeled Energy Flow,Caspar Henselman,Fiberglass_stone_light  ,Police Department District 2 Northeast,,,3162308.52343,1706293.04852,{C1BB9D3B-FD94-42F6-80F6-46F21D8DA7C5}
2006.2.1,2006,Prairie Dogs and Schoolhouse ,Judith Stewart,Bronze,Green Valley Ranch Recreation Center,,,3205850.69461,1711796.28827,{80FF9819-AA5A-4DB9-A566-C77D56452488}
2006.4.1,2006,Promenade,Ann Weber,Bronze,Skyline Park,,,3141887.68771,1697864.82435,{0A7718C0-CCD1-4C19-8E81-5D4D0ABA2EE2}
1970.3.1,1970,The Family,Edgar Britton,Bronze,Denver Health  ,Circle Drive at the Main Entrance,,3142944.13205,1690425.56234,{6426899C-B7F3-40BB-9F72-A06A670F5093}
1971.2.1,1971,Eyes On The Park,Emanuel Martinez,Mural,Curtis-Mestizo Park,,,3147557.85494,1702693.3376,{89307F55-A42E-4E16-A529-A9433A63FA86}
2006.6.1,2006,Combustion,Joseph McDonnell,Stainless Steel,Parkfield Fire Station ,,,3197867.09278,1713926.21188,{0C0BE665-CFF1-42FF-B0B2-235FFB5C6012}
2006.5.1,2006,MLK Plaques,Li Hardison,Bronze,MLK Improvement Project ,,,3159770.98126,1702916.17563,{120EB55E-D351-4C65-B61D-0CA649FF4D91}
1994.6.1,1994,Balustrade,Betty Woodman,Ceramic  ,Denver International Airport,,,3231950.32643,1736307.19454,{C20FB955-FFC0-4A77-94E7-60FFE6863E2D}
1994.7.1,1994,Pivot Emblem and Fenceline Artifact,Buster Simpson and Sherry Wiggins,Farm Implements,Denver International Airport,,,3232075.65802,1730694.85534,{82823000-12AE-4B86-AC3D-3D0CA581CBE6}
1994.8.1,1994,21st Century Artifacts,Carolyn Braaksma and Mark Villarrea,Bronze and terrazzo,Denver International Airport,,,3232037.13141,1735178.72142,{7B337EF4-FD3C-4062-B3A8-BA254D739E7B}
1907.2.1,1907,National Humane Alliance Fountain,Unknown,Granite and Bronze,Colfax and Tremont street,,,3142517.82795,1694904.94496,{3337E64A-3E28-4864-81C7-4CEC0B69A6D8}
1995.10.1,1995,The Evolution of the Ball,Lonnie Hanzon,Ceramic and Steel,Coors Field West Entrance,Wynkoop St and 20th Ave,,3141619.8501,1700463.15234,{F4461CB8-B109-4950-9544-98F2684F20BC}
1995.11.1,1995,Bottom of the Ninth,Erick  Johnson,Neon,Coors Field Sandlot Brewery ,Blake St and 22nd,,3142680.1636,1700712.75061,{FC2D41F2-D0AD-4028-A779-02727871CDBC}
1997.9.1,1997,Sign Post,Sara Jane Maclennan,Bronze Plaques,17th St Sidewalks from Larimer to Broadway,,,3141722.65565,1698521.6326,{5E775BB5-8035-4F1D-A840-BA7116C52080}
2004.13.1,2004,Cottonwood Leaf ,Andrew  Dufford,African Granite and bronze,Confluence Park,,,3138512.38878,1700138.18678,{21518F8F-32EE-4D2E-B977-59EAAA9B49F8}
2009.1.1,2008,Global Rhythms,Bill & Mary  Buchen,Stainless Steel,Green Valley Ranch Park,Near Elementary School,,3211791.09164,1707178.85579,{4978F7C2-D5B8-4D88-B6A5-6615757EF83B}
2009.10.1,2009,Imaginary Space and Time Tunnels,Alice  Aycock,Painted Aluminum,Montbello Recreation Center Exterior,,,3195044.07035,1714216.31415,{0CF2ECB8-ECE2-4544-8E42-BEC29C313954}
2009.4.1,2009,Avian Front,Patrick  Marold,Recycled Steel ,Denver Zoo/City Park,southwest corner near duck pond,,3153298.85954,1697889.96492,{227DD358-B38B-4A78-8420-A12D08F87895}
2009.5.1,2009,Leaves of Grass,Tyler  Aiello,Steel,Red Rocks Park,,,3082534.8659,1667196.85404,{C42AF92E-F08C-44C4-96D4-816DDBDA0D96}
2009.7.1,2009,Garden Stories,Lars Stanley,Painted Steel,Greenway Park/ Donated by DURA Stapleton,Denver Urban Gardens site,,3169619.49521,1698884.33464,{71C5CFDD-CD6C-4AAC-9F9B-B0CD55AE2764}
2009.8.1,2009,Untitled,Anthony  Magar,Painted Steel,"Burns Park, Donation from Suzanne Joshel",western corner of park,,3157433.13409,1685401.77367,{3AA8F40A-35E3-4FB0-A3E5-3B8D64321CAC}
2010.1.1,2010,Dream Green,Kathy Bradford,Glass,Willis Case Golf Course,,,3127300.73306,1712192.08853,{AED43AF2-1C61-49B9-8060-7EB44E76EFD5}
2010.11.1,2010,Red Forest,Constantine Dimopoulos,,Millenium Bridge: North Side,,,3139398.76234,1700119.17174,{B4437640-1183-4D0E-8FF4-7813E8312A24}
2010.13.1,2010,Untitled,Barnum Robert,Acrylic on Canvas,Murals in City and County Bldg. (council chambers),,,3143119.23916,1694511.86142,{2F742055-5609-49A8-A0E7-86DB3EE25E2A}
2010.15.1,2010,Reconciliation Bench,Tully Robert,Stone,Westwood Childcare Facility,,,3131140.55805,1679726.86902,{4E616337-FDA6-41E1-9975-00CFB1E93DCA}
2010.2.1,2010,1.26,Janet Echelman,Hand-knotted fibe and /Spectra Fiber,Temporary Project:  Civic Center Park to DAM,,,3143678.93455,1694062.41679,{9C7DE282-D7F9-41A8-A392-B8A952B08892}
2010.3.1,2010,Untitled  Glass Canopy,Martin   Donlin and  Peter Kaufmann,Glass and steel,Justice Center - Post Office,,,3142311.05803,1694212.09235,{A86320D5-219E-4294-AA40-4DBCBC25891B}
