FEATURE,LOCATION,LOC_CODE,COURT_NUM,LIGHTS,SURFACE_TYPE,YEAR_BUILT,YEAR_RESURF,GLOBALID,ASSET_CLASS,CLASS_CATEGORY,GIS_ASSET_ID,INFOR_ASSET_ID
Basketball Court - Full,Sloan's Lake Park,019,,No,Asphalt,,,{00000000-0000-0000-0000-000000000000},COURT,CT-BBF,20287,111657
Basketball Court - Full,Southmoor Park,622,,No,Asphalt,,,{00000000-0000-0000-0000-000000000000},COURT,CT-BBF,20267,111604
Basketball Court - Full,Parkfield,516,,Yes,Concrete,2011,,{00000000-0000-0000-0000-000000000000},COURT,CT-BBF,20268,111605
Basketball Court - Full,Parkfield,516,,Yes,Concrete,2011,,{00000000-0000-0000-0000-000000000000},COURT,CT-BBF,20288,111658
Basketball Court - Full,Parkfield,516,,Yes,Concrete,2011,,{00000000-0000-0000-0000-000000000000},COURT,CT-BBF,20299,111677
Basketball Court - Full,Parkfield,516,,Yes,Concrete,2011,,{00000000-0000-0000-0000-000000000000},COURT,CT-BBF,20300,111678
Tennis Court,Parkfield,516,,Yes,,,2011,{00000000-0000-0000-0000-000000000000},COURT,CT-TEN,20289,111659
Tennis Court,Parkfield,516,,Yes,,,2011,{00000000-0000-0000-0000-000000000000},COURT,CT-TEN,20269,111606
Basketball Court - Full,Congress Park,314,,Yes,Asphalt,,2011,{00000000-0000-0000-0000-000000000000},COURT,CT-BBF,20182,111853
Tennis Court,Congress Park,314,4,Yes,,,2011,{00000000-0000-0000-0000-000000000000},COURT,CT-TEN,20230,111737
Tennis Court,Congress Park,314,3,Yes,,,2011,{00000000-0000-0000-0000-000000000000},COURT,CT-TEN,20166,111687
Tennis Court,Sloans Lake Park - North,019,1,Yes,,,2010,{00000000-0000-0000-0000-000000000000},COURT,CT-TEN,20092,111799
Tennis Court,Sloans Lake Park - South,019,1,No,,,2009,{00000000-0000-0000-0000-000000000000},COURT,CT-TEN,20060,111783
Tennis Court,Sloans Lake Park - South,019,2,No,,,2009,{00000000-0000-0000-0000-000000000000},COURT,CT-TEN,20147,111831
Tennis Court,Sloans Lake Park - South,019,3,No,,,2009,{00000000-0000-0000-0000-000000000000},COURT,CT-TEN,20176,111846
Tennis Court,Sloans Lake Park - South,019,4,No,,,2009,{00000000-0000-0000-0000-000000000000},COURT,CT-TEN,20177,111847
Tennis Court,Southwest Auto Park,180,2,No,,,2010,{00000000-0000-0000-0000-000000000000},COURT,CT-TEN,20029,111767
Tennis Court,Southwest Auto Park,180,1,No,,,2010,{00000000-0000-0000-0000-000000000000},COURT,CT-TEN,20122,111812
Tennis Court,Swansea Park,210,2,No,,,,{00000000-0000-0000-0000-000000000000},COURT,CT-TEN,20242,111871
Tennis Court,Swansea Park,210,1,No,,,,{00000000-0000-0000-0000-000000000000},COURT,CT-TEN,20093,111800
Tennis Court,Washington Park - South,711,6,Yes,Post Tension Concrete,2004,2008,{00000000-0000-0000-0000-000000000000},COURT,CT-TEN,20209,111861
Tennis Court,Washington Park - South,711,7,Yes,Post Tension Concrete,2004,2008,{00000000-0000-0000-0000-000000000000},COURT,CT-TEN,20149,111833
Tennis Court - Practice Wall,Washington Park - South,711,8,No,,,,{00000000-0000-0000-0000-000000000000},COURT,CT-TENPR,20243,111872
Tennis Court,City Park,201,11,Yes,Post Tension Concrete,2007,,{00000000-0000-0000-0000-000000000000},COURT,CT-TEN,20150,111668
Tennis Court,City Park,201,14,Yes,Post Tension Concrete,2007,,{00000000-0000-0000-0000-000000000000},COURT,CT-TEN,20094,111625
Tennis Court,Lowry Sports Complex,L21,1,Yes,Post Tension Concrete,2007,,{00000000-0000-0000-0000-000000000000},COURT,CT-TEN,20180,111693
Tennis Court,Lowry Sports Complex,L21,2,Yes,Post Tension Concrete,2007,,{00000000-0000-0000-0000-000000000000},COURT,CT-TEN,20151,111669
Tennis Court,Lowry Sports Complex,L21,3,Yes,Post Tension Concrete,2007,,{00000000-0000-0000-0000-000000000000},COURT,CT-TEN,20031,111574
Tennis Court,Lowry Sports Complex,L21,4,Yes,Post Tension Concrete,2007,,{00000000-0000-0000-0000-000000000000},COURT,CT-TEN,20245,111747
Tennis Court - Practice Wall,Washington Park - South,711,9,No,,,,{00000000-0000-0000-0000-000000000000},COURT,CT-TENPR,20061,111784
Tennis Court,42nd & Lisbon,522,1,No,Post Tension Concrete,2004,,{00000000-0000-0000-0000-000000000000},COURT,CT-TEN,20095,111801
Tennis Court,42nd & Lisbon,522,2,No,Post Tension Concrete,2004,,{00000000-0000-0000-0000-000000000000},COURT,CT-TEN,20062,111785
Handball Court,City Park,201,,,Natural Surface,,,{00000000-0000-0000-0000-000000000000},COURT,CT-HAND,20032,111769
Handball Court,City Park,201,,,Natural Surface,,,{00000000-0000-0000-0000-000000000000},COURT,CT-HAND,20210,111862
Handball Court,City Park,201,,,Natural Surface,,,{00000000-0000-0000-0000-000000000000},COURT,CT-HAND,20246,111874
Handball Court,City Park,201,,,Natural Surface,,,{00000000-0000-0000-0000-000000000000},COURT,CT-HAND,20126,111816
Bocce Ball Court,City of Potenza park,762,,,Crusher Fines,,,{00000000-0000-0000-0000-000000000000},COURT,CT-BOCCE,20127,111817
Bocce Ball Court,City of Potenza park,762,,,Crusher Fines,,,{00000000-0000-0000-0000-000000000000},COURT,CT-BOCCE,20033,111770
Horseshoe Pit,Bate & Hobart,142,,,Natural Surface,,,{00000000-0000-0000-0000-000000000000},COURT,CT-HORSE,20034,111771
Tennis Court - Clear Space,Pulaski Park,319,,,,,,{00000000-0000-0000-0000-000000000000},,,,
Tennis Court - Clear Space,Schafer (Martin J) Park,218,,,,,,{00000000-0000-0000-0000-000000000000},,,,
Tennis Court - Clear Space,Martin Luther King Jr Park,415,,,,,,{00000000-0000-0000-0000-000000000000},,,,
Basketball Court - Full,Swansea Park,210,,,Concrete,2012,,{00000000-0000-0000-0000-000000000000},COURT,CT-BBF,20327,112643
Horseshoe Pit,Swansea Park,210,,,,2012,,{00000000-0000-0000-0000-000000000000},COURT,CT-HORSE,20326,112642
Sand Volleyball Court,Swansea Park,210,,No,Sand,2012,,{00000000-0000-0000-0000-000000000000},COURT,CT-SV,20328,112644
Tennis Court - Clear Space,Greenway Park,556,,,,2003,2009,{00000000-0000-0000-0000-000000000000},,,,
Tennis Court - Clear Space,Southwest Auto Park,180,,,,,,{00000000-0000-0000-0000-000000000000},,,,
Tennis Court - Clear Space,Berkeley Lake Park,002,,,,,,{00000000-0000-0000-0000-000000000000},,,,
Tennis Court - Clear Space,Eisenhower (Mamie Daud) Park,630,,,,,2009,{00000000-0000-0000-0000-000000000000},,,,
Tennis Court - Clear Space,Huston Lake Park,811,,,,,2009,{00000000-0000-0000-0000-000000000000},,,,
Tennis Court - Clear Space,City Park,201,,,,,2009,{00000000-0000-0000-0000-000000000000},,,,
Tennis Court - Clear Space,City Park,201,,,,,2009,{00000000-0000-0000-0000-000000000000},,,,
Horseshoe Pit,City Park,201,,,Natural Surface,,,{00000000-0000-0000-0000-000000000000},COURT,CT-HORSE,20279,111649
Horseshoe Pit,City Park,201,,,Natural Surface,,,{00000000-0000-0000-0000-000000000000},COURT,CT-HORSE,20296,111674
Horseshoe Pit,City Park,201,,,Natural Surface,,,{00000000-0000-0000-0000-000000000000},COURT,CT-HORSE,20321,111753
Horseshoe Pit,City Park,201,,,Natural Surface,,,{00000000-0000-0000-0000-000000000000},COURT,CT-HORSE,20297,111675
Horseshoe Pit,City Park,201,,,Natural Surface,,,{00000000-0000-0000-0000-000000000000},COURT,CT-HORSE,20261,111598
Horseshoe Pit,Huston Lake Park,811,,,Natural Surface,,,{00000000-0000-0000-0000-000000000000},COURT,CT-HORSE,20280,111650
Horseshoe Pit,Huston Lake Park,811,,,Natural Surface,,,{00000000-0000-0000-0000-000000000000},COURT,CT-HORSE,20254,111577
Horseshoe Pit,Huston Lake Park,811,,,Natural Surface,,,{00000000-0000-0000-0000-000000000000},COURT,CT-HORSE,20262,111599
Bocce Ball Court,Central Park,561,,,Crusher Fines,,,{00000000-0000-0000-0000-000000000000},COURT,CT-BOCCE,20305,111696
Bocce Ball Court,Central Park,561,,,Crusher Fines,,,{00000000-0000-0000-0000-000000000000},COURT,CT-BOCCE,20306,111697
Bocce Ball Court,Central Park,561,,,Crusher Fines,,,{00000000-0000-0000-0000-000000000000},COURT,CT-BOCCE,20281,111651
Sand Volleyball Court,Elyria,204,,,Sand,,,{00000000-0000-0000-0000-000000000000},COURT,CT-SV,20282,111652
Sand Volleyball Court,Thomas,L16,,,Sand,,,{00000000-0000-0000-0000-000000000000},COURT,CT-SV,20322,111754
Basketball Court - Full,51st and Zuni Park,009,,No,Asphalt,,,{00000000-0000-0000-0000-000000000000},COURT,CT-BBF,20064,111789
Basketball Court - Full,Alamo Placita Park,301,,No,Asphalt,,,{00000000-0000-0000-0000-000000000000},COURT,CT-BBF,20181,111852
Basketball Court - Full,Argo Park,212,,No,Concrete,,,{00000000-0000-0000-0000-000000000000},COURT,CT-BBF,20097,111803
Basketball Court - Full,Asbury and Tejon Park,830,,No,Asphalt,,,{00000000-0000-0000-0000-000000000000},COURT,CT-BBF,20098,111804
Basketball Court - Full,Barnum Park,804,,No,Asphalt,,,{00000000-0000-0000-0000-000000000000},COURT,CT-BBF,20129,111821
Basketball Court - Full,Berkeley Lake Park,002,,No,Asphalt,,,{00000000-0000-0000-0000-000000000000},COURT,CT-BBF,20211,111864
Basketball Court - Full,Bezoff (Ben) Park,624,,No,Asphalt,,,{00000000-0000-0000-0000-000000000000},COURT,CT-BBF,20212,111865
Basketball Court - Half,Bryant Street Park,815,,No,Asphalt,,2010,{00000000-0000-0000-0000-000000000000},COURT,CT-BBH,20213,111866
Basketball Court - Full,Chaffee (Jerome B) Park,003,,No,Asphalt,,,{00000000-0000-0000-0000-000000000000},COURT,CT-BBF,20065,111790
Basketball Court - Full,City of Axum Park,417,,No,Concrete,2010,,{00000000-0000-0000-0000-000000000000},COURT,CT-BBF,20214,111867
Basketball Court - Half,Cook (Judge Joseph E) Park,763,,No,Concrete,,,{00000000-0000-0000-0000-000000000000},COURT,CT-BBH,20215,111868
Basketball Court - Full,DeBoer (S R) Park,805,,No,Asphalt,,,{00000000-0000-0000-0000-000000000000},COURT,CT-BBF,20066,111791
Basketball Court - Full,Denison Park,458,,No,Asphalt,,,{00000000-0000-0000-0000-000000000000},COURT,CT-BBF,20000,111756
Basketball Court - Half,Eastmoor Park,606,,No,Concrete,,,{00000000-0000-0000-0000-000000000000},COURT,CT-BBH,20099,111805
Basketball Court - Full,Elmendorf Park,536,,No,Asphalt,,,{00000000-0000-0000-0000-000000000000},COURT,CT-BBF,20001,111757
Basketball Court - Full,Elyria (Johnson Center) Park,204,,No,Concrete,,,{00000000-0000-0000-0000-000000000000},COURT,CT-BBF,20067,111792
Basketball Court - Full,Falcon Park,537,,No,Asphalt,,,{00000000-0000-0000-0000-000000000000},COURT,CT-BBF,20183,111854
Basketball Court - Half,Flores (Hector M) Park,322,,No,Asphalt,,,{00000000-0000-0000-0000-000000000000},COURT,CT-BBH,20036,111775
Tennis Court - Clear Space,42nd & Lisbon,522,,,,,,{00000000-0000-0000-0000-000000000000},,,,
Tennis Court - Clear Space,Garland (David T) Park,728,,,,,,{00000000-0000-0000-0000-000000000000},,,,
Tennis Court - Clear Space,Bear Valley Park,140,,,,,,{00000000-0000-0000-0000-000000000000},,,,
Tennis Court - Clear Space,Berkeley Lake Park,002,,,,,2009,{00000000-0000-0000-0000-000000000000},,,,
Tennis Court - Clear Space,Pulaski Park,319,,,,,,{00000000-0000-0000-0000-000000000000},,,,
Tennis Court - Clear Space,Lowry Sports Complex,L21,,,,2007,,{00000000-0000-0000-0000-000000000000},,,,
Tennis Court - Clear Space,Sloans Lake Park - South,019,,,,,2009,{00000000-0000-0000-0000-000000000000},,,,
Basketball Court - Full,Thomas,L16,,No,Concrete,,,{00000000-0000-0000-0000-000000000000},COURT,CT-BBF,20037,111776
Basketball Court - Full,Fuller Park,205,,No,Concrete,,,{00000000-0000-0000-0000-000000000000},COURT,CT-BBF,20002,111758
Basketball Court - Full,Garfield Lake Park,807,,No,Asphalt,,,{00000000-0000-0000-0000-000000000000},COURT,CT-BBF,20068,111793
Basketball Court - Full,Garland (David T) Park,728,,No,Asphalt,,,{00000000-0000-0000-0000-000000000000},COURT,CT-BBF,20100,111806
Basketball Court - Full,Garrison and Union Park,158,,No,Asphalt,,,{00000000-0000-0000-0000-000000000000},COURT,CT-BBF,20152,111836
Basketball Court - Half,Golden Key Park,607,,No,Asphalt,,,{00000000-0000-0000-0000-000000000000},COURT,CT-BBH,20003,111759
Basketball Court - Full,Green Valley West Ranch Park,549,,No,Asphalt,,2009,{00000000-0000-0000-0000-000000000000},COURT,CT-BBF,20130,111822
Basketball Court - Full,Hampden Heights Park,614,,No,Asphalt,,,{00000000-0000-0000-0000-000000000000},COURT,CT-BBF,20184,111855
Basketball Court - Full,Harvard Gulch Park,829,,No,Asphalt,,,{00000000-0000-0000-0000-000000000000},COURT,CT-BBF,20131,111823
Basketball Court - Full,Highland Gateway Park,046,,No,Asphalt,,2011,{00000000-0000-0000-0000-000000000000},COURT,CT-BBF,20132,111824
Basketball Court - Full,Huston Lake Park,811,,No,Concrete,,,{00000000-0000-0000-0000-000000000000},COURT,CT-BBF,20153,111837
Basketball Court - Full,Irving and Java Park,841,,No,Asphalt,,,{00000000-0000-0000-0000-000000000000},COURT,CT-BBF,20154,111838
Basketball Court - Full,Jefferson Park,016,,No,Asphalt,,,{00000000-0000-0000-0000-000000000000},COURT,CT-BBF,20004,111760
Tennis Court,Congress Park,314,2,Yes,,,2011,{00000000-0000-0000-0000-000000000000},COURT,CT-TEN,20080,111618
Tennis Court,Congress Park,314,1,Yes,,,2011,{00000000-0000-0000-0000-000000000000},COURT,CT-TEN,20193,111710
Tennis Court,Congress Park,314,6,No,,,2011,{00000000-0000-0000-0000-000000000000},COURT,CT-TEN,20111,111639
Tennis Court,Congress Park,314,8,No,,,2011,{00000000-0000-0000-0000-000000000000},COURT,CT-TEN,20049,111591
Tennis Court,Congress Park,314,7,No,,,2011,{00000000-0000-0000-0000-000000000000},COURT,CT-TEN,20194,111711
Tennis Court - Clear Space,Congress Park,314,,,,,2011,{00000000-0000-0000-0000-000000000000},,,,
Tennis Court - Clear Space,Congress Park,314,,,,,2011,{00000000-0000-0000-0000-000000000000},,,,
Tennis Court - Clear Space,Congress Park,314,,,,,2011,{00000000-0000-0000-0000-000000000000},,,,
Tennis Court,Godsman Park,808,1,No,,,2011,{00000000-0000-0000-0000-000000000000},COURT,CT-TEN,20021,111570
Tennis Court,Godsman Park,808,2,No,,,2011,{00000000-0000-0000-0000-000000000000},COURT,CT-TEN,20236,111743
Tennis Court - Clear Space,Godsman Park,808,,,,,2011,{00000000-0000-0000-0000-000000000000},,,,
Tennis Court,Rocky Mountain Lake Park,007,1,No,,,2011,{00000000-0000-0000-0000-000000000000},COURT,CT-TEN,20026,111764
Tennis Court,Rocky Mountain Lake Park,007,2,No,,,2011,{00000000-0000-0000-0000-000000000000},COURT,CT-TEN,20027,111765
Tennis Court - Clear Space,Rocky Mountain Lake Park,007,,,,,2011,{00000000-0000-0000-0000-000000000000},,,,
Tennis Court,Rosamond Park,621,2,Yes,,,2011,{00000000-0000-0000-0000-000000000000},COURT,CT-TEN,20028,111766
Tennis Court,Rosamond Park,621,1,Yes,,,2011,{00000000-0000-0000-0000-000000000000},COURT,CT-TEN,20145,111829
Tennis Court,Rosamond Park,621,3,Yes,,,2011,{00000000-0000-0000-0000-000000000000},COURT,CT-TEN,20090,111797
Tennis Court,Rosamond Park,621,4,Yes,,,2011,{00000000-0000-0000-0000-000000000000},COURT,CT-TEN,20091,111798
Tennis Court - Clear Space,Rosamond Park,621,,,,,2011,{00000000-0000-0000-0000-000000000000},,,,
Horseshoe Pit,Bate & Hobart,142,,,Natural Surface,,,{00000000-0000-0000-0000-000000000000},COURT,CT-HORSE,20035,111772
Horseshoe Pit,Denison Park,458,,,Natural Surface,,,{00000000-0000-0000-0000-000000000000},COURT,CT-HORSE,20247,111875
Horseshoe Pit,Eisenhower Park,630,,,Natural Surface,,,{00000000-0000-0000-0000-000000000000},COURT,CT-HORSE,20248,111876
Horseshoe Pit,Harvey Park,130,,,Natural Surface,,,{00000000-0000-0000-0000-000000000000},COURT,CT-HORSE,20128,111818
Horseshoe Pit,Harvey Park,130,,,Natural Surface,,,{00000000-0000-0000-0000-000000000000},COURT,CT-HORSE,20096,111802
Horseshoe Pit,Highland Senior Center,034,,,Natural Surface,,,{00000000-0000-0000-0000-000000000000},COURT,CT-HORSE,20063,111786
Horseshoe Pit,Highland Senior Center,034,,,Natural Surface,,,{00000000-0000-0000-0000-000000000000},COURT,CT-HORSE,20249,111877
Horseshoe Pit,Lindsley (Henry S) Park,401,,,Natural Surface,,,{00000000-0000-0000-0000-000000000000},COURT,CT-HORSE,20290,111834
Horseshoe Pit,Montclair Park,408,,,Natural Surface,,,{00000000-0000-0000-0000-000000000000},COURT,CT-HORSE,20311,111863
Horseshoe Pit,Montclair Park,408,,,Natural Surface,,,{00000000-0000-0000-0000-000000000000},COURT,CT-HORSE,20314,111878
Horseshoe Pit,Pinecrest Village Park,161,,,Natural Surface,,,{00000000-0000-0000-0000-000000000000},COURT,CT-HORSE,20250,111773
Horseshoe Pit,Pinecrest Village Park,161,,,Natural Surface,,,{00000000-0000-0000-0000-000000000000},COURT,CT-HORSE,20301,111850
Horseshoe Pit,Rocky Mountain Lake Park,007,,,Natural Surface,,,{00000000-0000-0000-0000-000000000000},COURT,CT-HORSE,20302,111851
Horseshoe Pit,Rocky Mountain Lake Park,007,,,Natural Surface,,,{00000000-0000-0000-0000-000000000000},COURT,CT-HORSE,20315,111879
Horseshoe Pit,Rocky Mountain Lake Park,007,,,Natural Surface,,,{00000000-0000-0000-0000-000000000000},COURT,CT-HORSE,20251,111774
Horseshoe Pit,Rocky Mountain Lake Park,007,,,Natural Surface,,,{00000000-0000-0000-0000-000000000000},COURT,CT-HORSE,20275,111819
Horseshoe Pit,Rocky Mountain Lake Park,007,,,Natural Surface,,,{00000000-0000-0000-0000-000000000000},COURT,CT-HORSE,20259,111787
Horseshoe Pit,Rocky Mountain Lake Park,007,,,Natural Surface,,,{00000000-0000-0000-0000-000000000000},COURT,CT-HORSE,20291,111835
Horseshoe Pit,Rocky Mountain Lake Park,007,,,Natural Surface,,,{00000000-0000-0000-0000-000000000000},COURT,CT-HORSE,20276,111820
Horseshoe Pit,Rocky Mountain Lake Park,007,,,Natural Surface,,,{00000000-0000-0000-0000-000000000000},COURT,CT-HORSE,20260,111788
Horseshoe Pit,Rocky Mountain Lake Park,007,,,Natural Surface,,,{00000000-0000-0000-0000-000000000000},COURT,CT-HORSE,20277,111647
Horseshoe Pit,Rocky Mountain Lake Park,007,,,Natural Surface,,,{00000000-0000-0000-0000-000000000000},COURT,CT-HORSE,20312,111721
Horseshoe Pit,Rocky Mountain Lake Park,007,,,Natural Surface,,,{00000000-0000-0000-0000-000000000000},COURT,CT-HORSE,20303,111694
Horseshoe Pit,Rocky Mountain Lake Park,007,,,Natural Surface,,,{00000000-0000-0000-0000-000000000000},COURT,CT-HORSE,20313,111722
Horseshoe Pit,Russell Square Park,206,,,Natural Surface,,,{00000000-0000-0000-0000-000000000000},COURT,CT-HORSE,20252,111575
Horseshoe Pit,Russell Square Park,206,,,Natural Surface,,,{00000000-0000-0000-0000-000000000000},COURT,CT-HORSE,20292,111670
Horseshoe Pit,Athmar Park,802,,,Natural Surface,,,{00000000-0000-0000-0000-000000000000},COURT,CT-HORSE,20253,111576
Horseshoe Pit,Athmar Park,802,,,Natural Surface,,,{00000000-0000-0000-0000-000000000000},COURT,CT-HORSE,20316,111748
Horseshoe Pit,Washington Park,711,,,Natural Surface,,,{00000000-0000-0000-0000-000000000000},COURT,CT-HORSE,20293,111671
Horseshoe Pit,Washington Park,711,,,Natural Surface,,,{00000000-0000-0000-0000-000000000000},COURT,CT-HORSE,20270,111626
Horseshoe Pit,Washington Park,711,,,Natural Surface,,,{00000000-0000-0000-0000-000000000000},COURT,CT-HORSE,20304,111695
Horseshoe Pit,Washington Park,711,,,Natural Surface,,,{00000000-0000-0000-0000-000000000000},COURT,CT-HORSE,20294,111672
Horseshoe Pit,Washington Park,711,,,Natural Surface,,,{00000000-0000-0000-0000-000000000000},COURT,CT-HORSE,20317,111749
Horseshoe Pit,Washington Park,711,,,Natural Surface,,,{00000000-0000-0000-0000-000000000000},COURT,CT-HORSE,20295,111673
Horseshoe Pit,Bear Creek Park,139,,,Natural Surface,,,{00000000-0000-0000-0000-000000000000},COURT,CT-HORSE,20318,111750
Horseshoe Pit,City Park,201,,,Natural Surface,,,{00000000-0000-0000-0000-000000000000},COURT,CT-HORSE,20319,111751
Horseshoe Pit,City Park,201,,,Natural Surface,,,{00000000-0000-0000-0000-000000000000},COURT,CT-HORSE,20278,111648
Horseshoe Pit,City Park,201,,,Natural Surface,,,{00000000-0000-0000-0000-000000000000},COURT,CT-HORSE,20320,111752
Tennis Court - Clear Space,Pulaski Park,319,,,,,,{00000000-0000-0000-0000-000000000000},,,,
Tennis Court - Clear Space,Pulaski Park,319,,,,,,{00000000-0000-0000-0000-000000000000},,,,
Tennis Court - Clear Space,Bible (James A) Park,602,,,,,2013,{00000000-0000-0000-0000-000000000000},,,,
Tennis Court - Clear Space,Observatory Park,818,,,,,,{00000000-0000-0000-0000-000000000000},,,,
Tennis Court - Clear Space,City Park,201,,,,,,{00000000-0000-0000-0000-000000000000},,,,
Tennis Court - Clear Space,Swansea Park,210,,,,,,{00000000-0000-0000-0000-000000000000},,,,
Tennis Court - Clear Space,City Park,201,,,,2007,,{00000000-0000-0000-0000-000000000000},,,,
Tennis Court - Clear Space,Mestizo Curtis Park,203,,,,,,{00000000-0000-0000-0000-000000000000},,,,
Tennis Court - Clear Space,City Park,201,,,,2007,,{00000000-0000-0000-0000-000000000000},,,,
Tennis Court - Clear Space,Washington Park - South,711,,,,,,{00000000-0000-0000-0000-000000000000},,,,
Tennis Court - Clear Space,Crestmoor Park,403,,,,,2013,{00000000-0000-0000-0000-000000000000},,,,
Tennis Court - Clear Space,Montclair Park,408,,,,,,{00000000-0000-0000-0000-000000000000},,,,
Tennis Court,Skyland Park,429,3,No,,,2011,{00000000-0000-0000-0000-000000000000},COURT,CT-TEN,20120,111810
Tennis Court,Skyland Park,429,2,No,,,2011,{00000000-0000-0000-0000-000000000000},COURT,CT-TEN,20241,111870
Tennis Court,Skyland Park,429,1,No,,,2011,{00000000-0000-0000-0000-000000000000},COURT,CT-TEN,20146,111830
Tennis Court - Clear Space,Skyland Park,429,,,,,2011,{00000000-0000-0000-0000-000000000000},,,,
Tennis Court,Washington Park - Central,711,3,Yes,,,2011,{00000000-0000-0000-0000-000000000000},COURT,CT-TEN,20178,111848
Tennis Court,Washington Park - Central,711,2,Yes,,,2011,{00000000-0000-0000-0000-000000000000},COURT,CT-TEN,20148,111832
Tennis Court,Washington Park - Central,711,1,Yes,,,2011,{00000000-0000-0000-0000-000000000000},COURT,CT-TEN,20179,111849
Tennis Court,Washington Park - South,711,1,Yes,Post Tension Concrete,2004,2011,{00000000-0000-0000-0000-000000000000},COURT,CT-TEN,20030,111768
Tennis Court,Washington Park - South,711,2,Yes,Post Tension Concrete,2004,2011,{00000000-0000-0000-0000-000000000000},COURT,CT-TEN,20244,111873
Tennis Court,Washington Park - South,711,3,Yes,Post Tension Concrete,2004,2011,{00000000-0000-0000-0000-000000000000},COURT,CT-TEN,20123,111813
Tennis Court,Washington Park - South,711,4,Yes,Post Tension Concrete,2004,2011,{00000000-0000-0000-0000-000000000000},COURT,CT-TEN,20124,111814
Tennis Court,Washington Park - South,711,5,Yes,Post Tension Concrete,2004,2011,{00000000-0000-0000-0000-000000000000},COURT,CT-TEN,20125,111815
Tennis Court - Clear Space,Washington Park - Central,711,,,,,2011,{00000000-0000-0000-0000-000000000000},,,,
Basketball Court - Half,Lakewood and Dry Gulch Park,030,,No,Asphalt,,,{00000000-0000-0000-0000-000000000000},COURT,CT-BBH,20005,111761
Basketball Court - Full,Lawson (Sonny) Park,208,,No,Asphalt,,,{00000000-0000-0000-0000-000000000000},COURT,CT-BBF,20038,111777
Basketball Court - Full,La Alma / Lincoln Park,315,,No,Asphalt,,,{00000000-0000-0000-0000-000000000000},COURT,CT-BBF,20155,111839
Basketball Court - Full,Lindsley (Henry S) Park,401,,No,Asphalt,,2012,{00000000-0000-0000-0000-000000000000},COURT,CT-BBF,20101,111807
Basketball Court - Full,Martin Luther King Jr Park,415,,No,Asphalt,,,{00000000-0000-0000-0000-000000000000},COURT,CT-BBF,20039,111778
Basketball Court - Half,Mayfair Park,432,,No,Asphalt,,2013,{00000000-0000-0000-0000-000000000000},COURT,CT-BBH,20133,111825
Basketball Court - Full,Mestizo Curtis Park,203,,No,Concrete,,,{00000000-0000-0000-0000-000000000000},COURT,CT-BBF,20156,111840
Basketball Court - Half,Observatory Park,818,,No,Asphalt,,,{00000000-0000-0000-0000-000000000000},COURT,CT-BBH,20006,111762
Basketball Court - Full,Thomas,L16,,No,Concrete,,,{00000000-0000-0000-0000-000000000000},COURT,CT-BBF,20157,111841
Basketball Court - Half,La Alma / Lincoln Park,315,,No,Concrete,,,{00000000-0000-0000-0000-000000000000},COURT,CT-BBH,20102,111808
Basketball Court - Full,Village Place Park,540,,No,Asphalt,,,{00000000-0000-0000-0000-000000000000},COURT,CT-BBF,20007,111556
Basketball Court - Full,Village Place Park,540,,No,Asphalt,,,{00000000-0000-0000-0000-000000000000},COURT,CT-BBF,20134,111660
Basketball Court - Half,Washington Park,711,,No,Asphalt,,,{00000000-0000-0000-0000-000000000000},COURT,CT-BBH,20158,111679
Basketball Court - Full,Pferdesteller Park,017,,No,Asphalt,,2010,{00000000-0000-0000-0000-000000000000},COURT,CT-BBF,20008,111557
Basketball Court - Half,Platt (James H) Park,824,,No,Concrete,,,{00000000-0000-0000-0000-000000000000},COURT,CT-BBH,20040,111582
Basketball Court - Full,Quick (Lenore B) Park,220,,No,,,,{00000000-0000-0000-0000-000000000000},COURT,CT-BBF,20216,111723
Basketball Court - Full,Robinson Park,414,,No,Asphalt,,,{00000000-0000-0000-0000-000000000000},COURT,CT-BBF,20135,111661
Basketball Court - Full,Rosamond Park,621,,No,Asphalt,,,{00000000-0000-0000-0000-000000000000},COURT,CT-BBF,20217,111724
Basketball Court - Full,Sanchez (Paco) Park,028,,No,Asphalt,,,{00000000-0000-0000-0000-000000000000},COURT,CT-BBF,20185,111702
Tennis Court,Berkeley Lake Park,002,8,Yes,,,2010,{00000000-0000-0000-0000-000000000000},COURT,CT-TEN,20077,111615
Tennis Court,Berkeley Lake Park,002,7,Yes,,,2010,{00000000-0000-0000-0000-000000000000},COURT,CT-TEN,20190,111707
Tennis Court,Berkeley Lake Park,002,6,Yes,,,2010,{00000000-0000-0000-0000-000000000000},COURT,CT-TEN,20138,111664
Tennis Court,Berkeley Lake Park,002,5,Yes,,,2010,{00000000-0000-0000-0000-000000000000},COURT,CT-TEN,20226,111733
Tennis Court - Practice Wall,Berkeley Lake Park,002,10,No,,,,{00000000-0000-0000-0000-000000000000},COURT,CT-TENPR,20078,111616
Tennis Court,Berkeley Lake Park,002,2,Yes,,,2009,{00000000-0000-0000-0000-000000000000},COURT,CT-TEN,20043,111585
Tennis Court,Berkeley Lake Park,002,3,Yes,,,2009,{00000000-0000-0000-0000-000000000000},COURT,CT-TEN,20163,111684
Tennis Court,Berkeley Lake Park,002,4,Yes,,,2009,{00000000-0000-0000-0000-000000000000},COURT,CT-TEN,20191,111708
Tennis Court,Berkeley Lake Park,002,1,Yes,,,2009,{00000000-0000-0000-0000-000000000000},COURT,CT-TEN,20044,111586
Tennis Court,Bible (James A) Park,602,1,Yes,Post Tension Concrete,,2013,{00000000-0000-0000-0000-000000000000},COURT,CT-TEN,20227,111734
Tennis Court,Bible (James A) Park,602,2,Yes,Post Tension Concrete,,2013,{00000000-0000-0000-0000-000000000000},COURT,CT-TEN,20109,111637
Tennis Court,Bible (James A) Park,602,3,Yes,Post Tension Concrete,,2013,{00000000-0000-0000-0000-000000000000},COURT,CT-TEN,20045,111587
Tennis Court,Bible (James A) Park,602,4,Yes,Post Tension Concrete,,2013,{00000000-0000-0000-0000-000000000000},COURT,CT-TEN,20046,111588
Tennis Court,City Park,201,6,Yes,Post Tension Concrete,,2010,{00000000-0000-0000-0000-000000000000},COURT,CT-TEN,20014,111563
Tennis Court,City Park,201,5,Yes,Post Tension Concrete,,2010,{00000000-0000-0000-0000-000000000000},COURT,CT-TEN,20192,111709
Tennis Court,City Park,201,4,Yes,Post Tension Concrete,,2010,{00000000-0000-0000-0000-000000000000},COURT,CT-TEN,20139,111665
Tennis Court,City Park,201,3,Yes,Post Tension Concrete,,2010,{00000000-0000-0000-0000-000000000000},COURT,CT-TEN,20228,111735
Tennis Court,City Park,201,2,Yes,Post Tension Concrete,,2010,{00000000-0000-0000-0000-000000000000},COURT,CT-TEN,20229,111736
Tennis Court,City Park,201,1,Yes,Post Tension Concrete,,2010,{00000000-0000-0000-0000-000000000000},COURT,CT-TEN,20047,111589
Tennis Court,City Park,201,7,Yes,Post Tension Concrete,,2009,{00000000-0000-0000-0000-000000000000},COURT,CT-TEN,20015,111564
Tennis Court,City Park,201,8,Yes,Post Tension Concrete,,2009,{00000000-0000-0000-0000-000000000000},COURT,CT-TEN,20164,111685
Tennis Court,City Park,201,9,Yes,Post Tension Concrete,,2009,{00000000-0000-0000-0000-000000000000},COURT,CT-TEN,20165,111686
Tennis Court,City Park,201,10,Yes,Post Tension Concrete,,2009,{00000000-0000-0000-0000-000000000000},COURT,CT-TEN,20079,111617
Tennis Court,City Park,201,12,Yes,Post Tension Concrete,,2009,{00000000-0000-0000-0000-000000000000},COURT,CT-TEN,20110,111638
Tennis Court,City Park,201,13,Yes,Post Tension Concrete,,2009,{00000000-0000-0000-0000-000000000000},COURT,CT-TEN,20048,111590
Sand Volleyball Court,Garland,728,,,Sand,,,{00000000-0000-0000-0000-000000000000},COURT,CT-SV,20307,111698
Sand Volleyball Court,Gates Crescent,907,,,Sand,,,{00000000-0000-0000-0000-000000000000},COURT,CT-SV,20255,111578
Sand Volleyball Court,Green Valley Ranch East,550,,,Sand,,,{00000000-0000-0000-0000-000000000000},COURT,CT-SV,20283,111653
Sand Volleyball Court,Garland,728,,,Sand,,,{00000000-0000-0000-0000-000000000000},COURT,CT-SV,20271,111627
Sand Volleyball Court,Garland,728,,,Sand,,,{00000000-0000-0000-0000-000000000000},COURT,CT-SV,20263,111600
Sand Volleyball Court,Garland,728,,,Sand,,,{00000000-0000-0000-0000-000000000000},COURT,CT-SV,20284,111654
Horseshoe Pit,Platt Park,824,,,Natural Surface,,,{00000000-0000-0000-0000-000000000000},COURT,CT-HORSE,20308,111699
Horseshoe Pit,Platt Park,824,,,Natural Surface,,,{00000000-0000-0000-0000-000000000000},COURT,CT-HORSE,20264,111601
Tennis Court - Practice Wall,Pulaski Park,319,,No,,2008,,{00000000-0000-0000-0000-000000000000},COURT,CT-TENPR,20298,111676
Basketball Court - Half,Ash Grove,751,,No,Asphalt,,,{00000000-0000-0000-0000-000000000000},COURT,CT-BBH,20272,111628
Basketball Court - Full,Bible (James A) Park,602,,No,Asphalt,,,{00000000-0000-0000-0000-000000000000},COURT,CT-BBF,20285,111655
Basketball Court - Full,Byers & Pecos,831,,No,Asphalt,,,{00000000-0000-0000-0000-000000000000},COURT,CT-BBF,20309,111700
Basketball Court - Full,Hirshorn Park,014,,No,Concrete,,,{00000000-0000-0000-0000-000000000000},COURT,CT-BBF,20273,111629
Basketball Court - Full,51st & Broadway,230,,No,Asphalt,,,{00000000-0000-0000-0000-000000000000},COURT,CT-BBF,20265,111602
Basketball Court - Full,Columbus Park,004,,No,,,,{00000000-0000-0000-0000-000000000000},COURT,CT-BBF,20266,111603
Basketball Court - Full,Dailey Park,713,,No,Asphalt,,,{00000000-0000-0000-0000-000000000000},COURT,CT-BBF,20256,111579
Basketball Court - Full,Dunham Park,209,,No,Concrete,,,{00000000-0000-0000-0000-000000000000},COURT,CT-BBF,20274,111630
Basketball Court - Half,Sanderson Gulch Open Space,828,,No,Asphalt,,,{00000000-0000-0000-0000-000000000000},COURT,CT-BBH,20218,111725
Basketball Court - Full,Schafer (Martin J) Park,218,,No,Concrete,,2010,{00000000-0000-0000-0000-000000000000},COURT,CT-BBF,20069,111607
Basketball Court - Full,Silverman (Melvin F) Park,534,,No,Concrete,,,{00000000-0000-0000-0000-000000000000},COURT,CT-BBF,20219,111726
Basketball Court - Full,Skyland Park,429,,No,Concrete,,,{00000000-0000-0000-0000-000000000000},COURT,CT-BBF,20103,111631
Basketball Court - Full,Sloans Lake Park,019,,No,Asphalt,,,{00000000-0000-0000-0000-000000000000},COURT,CT-BBF,20070,111608
Basketball Court - Full,St Charles Place Park,207,,No,,,,{00000000-0000-0000-0000-000000000000},COURT,CT-BBF,20071,111609
Basketball Court - Half,Stout Street Childrens Park,221,,No,,,2011,{00000000-0000-0000-0000-000000000000},COURT,CT-BBH,20220,111727
Basketball Court - Half,Sunken Gardens Park,318,,No,Concrete,,,{00000000-0000-0000-0000-000000000000},COURT,CT-BBH,20136,111662
Basketball Court - Full,Valverde Park,834,,No,Concrete,,,{00000000-0000-0000-0000-000000000000},COURT,CT-BBF,20137,111663
Basketball Court - Full,Verbena Park,L18,,No,Asphalt,,,{00000000-0000-0000-0000-000000000000},COURT,CT-BBF,20041,111583
Basketball Court - Full,Washington Park,711,,No,Asphalt,,,{00000000-0000-0000-0000-000000000000},COURT,CT-BBF,20042,111584
Basketball Court - Full,Weir Gulch Marina Park,917,,No,Asphalt,,,{00000000-0000-0000-0000-000000000000},COURT,CT-BBF,20009,111558
Basketball Court - Full,Weir Gulch Park,836,,No,Asphalt,,,{00000000-0000-0000-0000-000000000000},COURT,CT-BBF,20221,111728
Basketball Court - Half,Weir Gulch Park,836,,No,Asphalt,,,{00000000-0000-0000-0000-000000000000},COURT,CT-BBH,20159,111680
Basketball Court - Full,West Bar Val Wood Park,838,,No,Concrete,2003,,{00000000-0000-0000-0000-000000000000},COURT,CT-BBF,20104,111632
Basketball Court - Full,West Harvard Gulch,145,,No,Asphalt,,,{00000000-0000-0000-0000-000000000000},COURT,CT-BBF,20222,111729
Basketball Court - Full,Westwood Park,839,,No,Concrete,2003,,{00000000-0000-0000-0000-000000000000},COURT,CT-BBF,20010,111559
Basketball Court - Full,Williams (Dr Daniel Hale) Park,225,,No,Concrete,,,{00000000-0000-0000-0000-000000000000},COURT,CT-BBF,20072,111610
Basketball Court - Full,Lowry Sports Complex,L21,,Yes,Asphalt,2007,,{00000000-0000-0000-0000-000000000000},COURT,CT-BBF,20105,111633
Basketball Court - Full,Lowry Sports Complex,L21,,Yes,Asphalt,2007,,{00000000-0000-0000-0000-000000000000},COURT,CT-BBF,20073,111611
Basketball Court - Full,Lowry Sports Complex,L21,,No,Asphalt,2007,,{00000000-0000-0000-0000-000000000000},COURT,CT-BBF,20011,111560
Basketball Court - Full,Franco (Bernabe Indio) Park,022,,No,Concrete,2003,,{00000000-0000-0000-0000-000000000000},COURT,CT-BBF,20074,111612
Basketball Court - Full,42nd & Lisbon,522,,No,Concrete,2004,,{00000000-0000-0000-0000-000000000000},COURT,CT-BBF,20186,111703
Basketball Court - Half,Martinez Park,029,,No,Asphalt,,,{00000000-0000-0000-0000-000000000000},COURT,CT-BBH,20075,111613
Basketball Court - Full,Town Center Park,558,,No,Concrete,2007,,{00000000-0000-0000-0000-000000000000},COURT,CT-BBF,20012,111561
Basketball Court - Full,Williams (Dr Daniel Hale) Park,225,,No,Concrete,,,{00000000-0000-0000-0000-000000000000},COURT,CT-BBF,20223,111730
Basketball Court - Full,Green Valley Ranch East,550,,No,Concrete,2009,,{00000000-0000-0000-0000-000000000000},COURT,CT-BBF,20160,111681
Basketball Court - Full,Green Valley Ranch East,550,,No,Concrete,2009,,{00000000-0000-0000-0000-000000000000},COURT,CT-BBF,20106,111634
Basketball Court - Half,Highland Park,013,,No,Concrete,2009,,{00000000-0000-0000-0000-000000000000},COURT,CT-BBH,20076,111614
Basketball Court - Half,Highland Park,013,,No,Concrete,2009,,{00000000-0000-0000-0000-000000000000},COURT,CT-BBH,20107,111635
Basketball Court - Full,Aztlan Park,032,,No,Asphalt,,2011,{00000000-0000-0000-0000-000000000000},COURT,CT-BBF,20323,111755
Basketball Court - Full,13th & Xenia,L26,,,Concrete,2012,,{00000000-0000-0000-0000-000000000000},COURT,CT-BBF,20329,112733
Tennis Court - Clear Space,Greenway Park,556,,,,2003,2009,{00000000-0000-0000-0000-000000000000},,,,
Tennis Court - Clear Space,Green Valley East Ranch Park,550,,,,,,{00000000-0000-0000-0000-000000000000},,,,
Tennis Court - Clear Space,Montbello Central Park,541,,,,,2009,{00000000-0000-0000-0000-000000000000},,,,
Tennis Court - Clear Space,Pulaski Park,319,,,,,,{00000000-0000-0000-0000-000000000000},,,,
Tennis Court - Clear Space,Pulaski Park,319,,,,,,{00000000-0000-0000-0000-000000000000},,,,
Tennis Court - Clear Space,Pulaski Park,319,,,,,,{00000000-0000-0000-0000-000000000000},,,,
Tennis Court - Clear Space,La Alma / Lincoln Park,315,,,,,2013,{00000000-0000-0000-0000-000000000000},,,,
Futsol Court,Garfield Lake Park,807,,,Plastic Tiles,2012,,{00000000-0000-0000-0000-000000000000},COURT,CT-FUTSOL,20113,111641
Tennis Court - Clear Space,Barnum Park,804,,,,,,{00000000-0000-0000-0000-000000000000},,,,
Tennis Court - Clear Space,Lindsley (Henry S) Park,401,,,,,,{00000000-0000-0000-0000-000000000000},,,,
Tennis Court - Clear Space,Parkfield,516,,,,2011,,{00000000-0000-0000-0000-000000000000},,,,
Tennis Court - Clear Space,Sloans Lake Park - North,019,,,,,,{00000000-0000-0000-0000-000000000000},,,,
Tennis Court - Clear Space,Berkeley Lake Park,002,,,,,,{00000000-0000-0000-0000-000000000000},,,,
Lawn Bowling,Washington Park,711,,,Turf,,,{00000000-0000-0000-0000-000000000000},,,,
Tennis Court,Crestmoor Park,403,4,No,,,2013,{00000000-0000-0000-0000-000000000000},COURT,CT-TEN,20231,111738
Tennis Court,Crestmoor Park,403,3,No,,,2013,{00000000-0000-0000-0000-000000000000},COURT,CT-TEN,20017,111566
Tennis Court,Crestmoor Park,403,2,No,,,2013,{00000000-0000-0000-0000-000000000000},COURT,CT-TEN,20018,111567
Tennis Court,Crestmoor Park,403,1,No,,,2013,{00000000-0000-0000-0000-000000000000},COURT,CT-TEN,20019,111568
Tennis Court,Eisenhower (Mamie Daud) Park,630,4,No,,,2009,{00000000-0000-0000-0000-000000000000},COURT,CT-TEN,20050,111592
Tennis Court,Eisenhower (Mamie Daud) Park,630,3,No,,,2009,{00000000-0000-0000-0000-000000000000},COURT,CT-TEN,20232,111739
Tennis Court,Eisenhower (Mamie Daud) Park,630,2,No,,,2009,{00000000-0000-0000-0000-000000000000},COURT,CT-TEN,20051,111593
Tennis Court,Eisenhower (Mamie Daud) Park,630,1,No,,,2009,{00000000-0000-0000-0000-000000000000},COURT,CT-TEN,20195,111712
Tennis Court,Garland (David T) Park,728,1,Yes,,,2012,{00000000-0000-0000-0000-000000000000},COURT,CT-TEN,20020,111569
Tennis Court,Garland (David T) Park,728,2,Yes,,,2012,{00000000-0000-0000-0000-000000000000},COURT,CT-TEN,20196,111713
Tennis Court,Garland (David T) Park,728,3,Yes,,,2012,{00000000-0000-0000-0000-000000000000},COURT,CT-TEN,20235,111742
Tennis Court,Garland (David T) Park,728,4,Yes,,,2012,{00000000-0000-0000-0000-000000000000},COURT,CT-TEN,20197,111714
Tennis Court,Green Valley East Ranch Park,550,2,No,,,2005,{00000000-0000-0000-0000-000000000000},COURT,CT-TEN,20198,111715
Tennis Court,Green Valley East Ranch Park,550,1,No,,,2005,{00000000-0000-0000-0000-000000000000},COURT,CT-TEN,20081,111619
Tennis Court,Greenway Park,556,3,Yes,,2003,2009,{00000000-0000-0000-0000-000000000000},COURT,CT-TEN,20022,111571
Tennis Court,Greenway Park,556,4,Yes,,2003,2009,{00000000-0000-0000-0000-000000000000},COURT,CT-TEN,20023,111572
Tennis Court,Greenway Park,556,1,Yes,,2003,2009,{00000000-0000-0000-0000-000000000000},COURT,CT-TEN,20082,111620
Tennis Court,Greenway Park,556,2,Yes,,2003,2009,{00000000-0000-0000-0000-000000000000},COURT,CT-TEN,20199,111716
Tennis Court,Huston Lake Park,811,3,No,,,2009,{00000000-0000-0000-0000-000000000000},COURT,CT-TEN,20083,111621
Tennis Court,Huston Lake Park,811,2,No,,,2009,{00000000-0000-0000-0000-000000000000},COURT,CT-TEN,20200,111717
Tennis Court,Huston Lake Park,811,4,No,,,2009,{00000000-0000-0000-0000-000000000000},COURT,CT-TEN,20237,111744
Tennis Court,Huston Lake Park,811,1,No,,,2009,{00000000-0000-0000-0000-000000000000},COURT,CT-TEN,20168,111689
Tennis Court,La Alma / Lincoln Park,315,2,No,,,2013,{00000000-0000-0000-0000-000000000000},COURT,CT-TEN,20201,111718
Tennis Court,La Alma / Lincoln Park,315,1,No,,,2013,{00000000-0000-0000-0000-000000000000},COURT,CT-TEN,20115,111643
Tennis Court,Lindsley (Henry S) Park,401,1,Yes,,,2006,{00000000-0000-0000-0000-000000000000},COURT,CT-TEN,20116,111644
Tennis Court,Lindsley (Henry S) Park,401,2,Yes,,,2006,{00000000-0000-0000-0000-000000000000},COURT,CT-TEN,20052,111594
Tennis Court,Lindsley (Henry S) Park,401,3,Yes,,,2006,{00000000-0000-0000-0000-000000000000},COURT,CT-TEN,20202,111856
Tennis Court,Lindsley (Henry S) Park,401,4,Yes,,,2006,{00000000-0000-0000-0000-000000000000},COURT,CT-TEN,20203,111857
Tennis Court,Martin Luther King Jr Park,415,1,No,,,2003,{00000000-0000-0000-0000-000000000000},COURT,CT-TEN,20024,111573
Tennis Court,Martin Luther King Jr Park,415,2,No,,,2003,{00000000-0000-0000-0000-000000000000},COURT,CT-TEN,20169,111690
Tennis Court,Martin Luther King Jr Park,415,3,No,,,2003,{00000000-0000-0000-0000-000000000000},COURT,CT-TEN,20170,111691
Tennis Court,Martin Luther King Jr Park,415,4,No,,,2003,{00000000-0000-0000-0000-000000000000},COURT,CT-TEN,20117,111645
Tennis Court,Mestizo Curtis Park,203,1,No,Post Tension Concrete,,2010,{00000000-0000-0000-0000-000000000000},COURT,CT-TEN,20204,111719
Tennis Court,Montbello Central Park,541,1,No,,,2009,{00000000-0000-0000-0000-000000000000},COURT,CT-TEN,20084,111622
Tennis Court,Montbello Central Park,541,2,No,,,2009,{00000000-0000-0000-0000-000000000000},COURT,CT-TEN,20140,111666
Tennis Court,Montbello Central Park,541,3,No,,,2009,{00000000-0000-0000-0000-000000000000},COURT,CT-TEN,20053,111595
Tennis Court,Montbello Central Park,541,4,No,,,2009,{00000000-0000-0000-0000-000000000000},COURT,CT-TEN,20238,111745
Tennis Court,Montclair Park,408,1,No,,,2010,{00000000-0000-0000-0000-000000000000},COURT,CT-TEN,20085,111623
Tennis Court,Observatory Park,818,4,No,,,2010,{00000000-0000-0000-0000-000000000000},COURT,CT-TEN,20141,111667
Tennis Court,Observatory Park,818,3,No,,,2010,{00000000-0000-0000-0000-000000000000},COURT,CT-TEN,20054,111596
Tennis Court,Observatory Park,818,1,No,,,2010,{00000000-0000-0000-0000-000000000000},COURT,CT-TEN,20171,111692
Tennis Court,Observatory Park,818,2,No,,,2010,{00000000-0000-0000-0000-000000000000},COURT,CT-TEN,20118,111646
Tennis Court,Pulaski Park,319,5,Yes,Post Tension Concrete,2008,,{00000000-0000-0000-0000-000000000000},COURT,CT-TEN,20055,111779
Tennis Court,Pulaski Park,319,6,Yes,Post Tension Concrete,2008,,{00000000-0000-0000-0000-000000000000},COURT,CT-TEN,20056,111780
Tennis Court,Pulaski Park,319,4,No,Post Tension Concrete,2008,,{00000000-0000-0000-0000-000000000000},COURT,CT-TEN,20239,111746
Tennis Court,Pulaski Park,319,3,No,Post Tension Concrete,2008,,{00000000-0000-0000-0000-000000000000},COURT,CT-TEN,20086,111624
Tennis Court,Pulaski Park,319,2,No,Post Tension Concrete,2008,,{00000000-0000-0000-0000-000000000000},COURT,CT-TEN,20205,111720
Tennis Court,Pulaski Park,319,1,No,Post Tension Concrete,2008,,{00000000-0000-0000-0000-000000000000},COURT,CT-TEN,20057,111597
Tennis Court,Pulaski Park,319,12,Yes,Post Tension Concrete,2008,,{00000000-0000-0000-0000-000000000000},COURT,CT-TEN,20087,111794
Tennis Court,Pulaski Park,319,10,Yes,Post Tension Concrete,2008,,{00000000-0000-0000-0000-000000000000},COURT,CT-TEN,20088,111795
Tennis Court,Pulaski Park,319,9,Yes,Post Tension Concrete,2008,,{00000000-0000-0000-0000-000000000000},COURT,CT-TEN,20206,111858
Tennis Court,Pulaski Park,319,8,Yes,Post Tension Concrete,2008,,{00000000-0000-0000-0000-000000000000},COURT,CT-TEN,20142,111826
Tennis Court,Pulaski Park,319,7,Yes,Post Tension Concrete,2008,,{00000000-0000-0000-0000-000000000000},COURT,CT-TEN,20025,111763
Tennis Court,Pulaski Park,319,11,Yes,Post Tension Concrete,2008,,{00000000-0000-0000-0000-000000000000},COURT,CT-TEN,20172,111842
Tennis Court,Pulaski Park,319,20,Yes,Post Tension Concrete,2008,,{00000000-0000-0000-0000-000000000000},COURT,CT-TEN,20089,111796
Tennis Court,Pulaski Park,319,18,Yes,Post Tension Concrete,2008,,{00000000-0000-0000-0000-000000000000},COURT,CT-TEN,20119,111809
Tennis Court,Pulaski Park,319,19,Yes,Post Tension Concrete,2008,,{00000000-0000-0000-0000-000000000000},COURT,CT-TEN,20143,111827
Tennis Court,Pulaski Park,319,17,Yes,Post Tension Concrete,2008,,{00000000-0000-0000-0000-000000000000},COURT,CT-TEN,20144,111828
Tennis Court,Pulaski Park,319,15,Yes,Post Tension Concrete,2008,,{00000000-0000-0000-0000-000000000000},COURT,CT-TEN,20173,111843
Tennis Court,Pulaski Park,319,14,Yes,Post Tension Concrete,2008,,{00000000-0000-0000-0000-000000000000},COURT,CT-TEN,20240,111869
Tennis Court,Pulaski Park,319,16,Yes,Post Tension Concrete,2008,,{00000000-0000-0000-0000-000000000000},COURT,CT-TEN,20058,111781
Tennis Court,Pulaski Park,319,13,Yes,Post Tension Concrete,2008,,{00000000-0000-0000-0000-000000000000},COURT,CT-TEN,20207,111859
Tennis Court,Schafer (Martin J) Park,218,1,No,,,2010,{00000000-0000-0000-0000-000000000000},COURT,CT-TEN,20059,111782
Tennis Court,Sloans Lake Park - North,019,4,Yes,,,2010,{00000000-0000-0000-0000-000000000000},COURT,CT-TEN,20208,111860
Tennis Court,Sloans Lake Park - North,019,3,Yes,,,2010,{00000000-0000-0000-0000-000000000000},COURT,CT-TEN,20121,111811
Tennis Court,Sloans Lake Park - North,019,2,Yes,,,2010,{00000000-0000-0000-0000-000000000000},COURT,CT-TEN,20175,111845
Tennis Court,Barnum Park,804,2,No,,,2010,{00000000-0000-0000-0000-000000000000},COURT,CT-TEN,20187,111704
Tennis Court,Barnum Park,804,1,No,,,2010,{00000000-0000-0000-0000-000000000000},COURT,CT-TEN,20224,111731
Tennis Court,Bear Valley Park,140,1,Yes,,,2010,{00000000-0000-0000-0000-000000000000},COURT,CT-TEN,20013,111562
Tennis Court,Bear Valley Park,140,2,Yes,,,2010,{00000000-0000-0000-0000-000000000000},COURT,CT-TEN,20161,111682
Tennis Court,Bear Valley Park,140,3,Yes,,,2010,{00000000-0000-0000-0000-000000000000},COURT,CT-TEN,20108,111636
Tennis Court,Bear Valley Park,140,4,Yes,,,2010,{00000000-0000-0000-0000-000000000000},COURT,CT-TEN,20225,111732
Tennis Court,Bear Valley Park,140,5,Yes,,,2010,{00000000-0000-0000-0000-000000000000},COURT,CT-TEN,20188,111705
Tennis Court,Bear Valley Park,140,6,Yes,,,2010,{00000000-0000-0000-0000-000000000000},COURT,CT-TEN,20189,111706
Tennis Court - Practice Wall,Berkeley Lake Park,002,9,No,,,,{00000000-0000-0000-0000-000000000000},COURT,CT-TENPR,20162,111683
Tennis Court - Clear Space,Pulaski Park,319,,No,,2012,,{00000000-0000-0000-0000-000000000000},,,,
Tennis Court,Pulaski Park,319,Quick Start,No,,2012,,{00000000-0000-0000-0000-000000000000},COURT,CT-TEN,20332,114459
Tennis Court,Congress Park,314,5 - QuickStart,No,,,2011,{00000000-0000-0000-0000-000000000000},COURT,CT-TEN,20016,111565
Tennis Court,Skyland Park,429,4 - QuickStart,No,,,2011,{00000000-0000-0000-0000-000000000000},COURT,CT-TEN,20174,111844
Tennis Court - Clear Space,Congress Park,314,,,,,2011,{00000000-0000-0000-0000-000000000000},,,,
Basketball Court - Full,McWilliams,814,,No,Asphalt,,,{00000000-0000-0000-0000-000000000000},COURT,CT-BBF,20257,111580
Basketball Court - Full,Pinehurst Park,159,,No,Asphalt,,,{00000000-0000-0000-0000-000000000000},COURT,CT-BBF,20258,111581
Basketball Court - Full,Sanchez Park,028,,No,Asphalt,,,{00000000-0000-0000-0000-000000000000},COURT,CT-BBF,20286,111656
Sand Volleyball Court,Thomas,L16,,No,Sand,2011,,{00000000-0000-0000-0000-000000000000},COURT,CT-SV,20325,112386
Sand Volleyball Court,Thomas,L16,,No,Sand,2011,,{00000000-0000-0000-0000-000000000000},COURT,CT-SV,20324,112385
Basketball Court - Half,Athmar Park,802,,No,Concrete,,,{00000000-0000-0000-0000-000000000000},COURT,CT-BBH,20330,113454
Sand Volleyball Court,La Alma / Lincoln Park,315,,,Sand,,,{00000000-0000-0000-0000-000000000000},COURT,CT-SV,20331,114451
Bocce Ball Court,Chavez,035,,No,Natural Surface,2013,,{00000000-0000-0000-0000-000000000000},COURT,CT-BOCCE,20335,114462
Bocce Ball Court,Chavez,035,,No,Natural Surface,2013,,{00000000-0000-0000-0000-000000000000},COURT,CT-BOCCE,20334,114461
Table Tennis,Chavez,035,,No,Concrete,2013,,{00000000-0000-0000-0000-000000000000},,,,
Basketball Court - Half,Chavez,035,,No,Concrete,2013,,{00000000-0000-0000-0000-000000000000},COURT,CT-BBH,20333,114460
Horseshoe Pit,Washington Park,711,,No,,2013,,{00000000-0000-0000-0000-000000000000},COURT,CT-HORSE,20336,114463
Horseshoe Pit,Washington Park,711,,No,,2013,,{00000000-0000-0000-0000-000000000000},COURT,CT-HORSE,20337,114464
Futsol Court,Garfield Lake Park,807,,,Plastic Tiles,2012,,{00000000-0000-0000-0000-000000000000},COURT,CT-FUTSOL,20114,111642
Futsol Court,Garfield Lake Park,807,,,Plastic Tiles,2012,,{00000000-0000-0000-0000-000000000000},COURT,CT-FUTSOL,20167,111688
